isolate,n_genes,ST,Phylogroup
41004_G02_contigs_pacbio,293,11,E
50884_F01_contigs_pacbio,292,11,E
AIAW00000000,294,11,E
AIBY00000000,291,11,E
AIFN00000000,292,11,E
NC_002655,293,11~,E
NC_002695,296,11,E
NC_011353,297,11,E
NC_013008,297,11,E
NC_017906,296,11,E
SRR4783376_trimmed,288,11,E
SRR4786521_trimmed,287,11,E
SRR4786865_trimmed,290,11,E
SRR4787166_trimmed,289,11,E
SRR4787173_trimmed,285,11,E
SRR4787294_trimmed,287,11,E
SRR4787327_trimmed,279,11,E
SRR4787420_trimmed,240,11~,E
SRR4787801_trimmed,279,11,E
SRR4787822_trimmed,286,11,E
SRR4787863_trimmed,292,11,E
SRR4787877_trimmed,298,11,E
SRR4787900_trimmed,286,11,E
SRR4787910_trimmed,290,11,E
SRR4788005_trimmed,256,11,E
SRR4788199_trimmed,290,11,E
SRR4788200_trimmed,297,11,E
SRR4788249_trimmed,285,11,E
SRR4788273_trimmed,291,11,E
SRR4788356_trimmed,290,11,E
SRR4788375_trimmed,293,11,E
SRR4897104_trimmed,290,11~,E
SRR4897168_trimmed,267,11,E
SRR4897184_trimmed,287,1804,E
SRR4897202_trimmed,279,11,E
SRR4897210_trimmed,289,11,E
SRR4897263_trimmed,293,1804,E
SRR4897299_trimmed,289,11,E
SRR4897327_trimmed,288,11,E
SRR4897442_trimmed,288,11,E
SRR4897452_trimmed,286,11,E
SRR4897495_trimmed,291,11,E
SRR4897496_trimmed,282,11,E
SRR4897521_trimmed,284,11,E
SRR4897589_trimmed,277,11,E
SRR4897676_trimmed,291,11,E
SRR4897694_trimmed,292,11,E
SRR4897710_trimmed,285,11,E
SRR4897719_trimmed,281,11,E
SRR4897818_trimmed,290,11,E
SRR5005285_trimmed,283,11,E
SRR5005308_trimmed,289,11,E
SRR5005608_trimmed,288,11,E
SRR5005609_trimmed,285,11,E
SRR5006234_trimmed,290,11,E
SRR5006335_trimmed,288,11,E
SRR5017297_trimmed,276,11,E
SRR5017321_trimmed,273,11,E
SRR5017328_trimmed,282,11,E
SRR5017329_trimmed,286,11,E
SRR5017398_trimmed,279,11,E
SRR5017403_trimmed,280,11,E
SRR5018259_trimmed,269,11,E
SRR5018324_trimmed,280,11,E
SRR5018343_trimmed,290,11~,E
SRR5023908_trimmed,284,11,E
SRR5023911_trimmed,293,11,E
SRR5023912_trimmed,288,11,E
SRR5023916_trimmed,290,11,E
SRR5023936_trimmed,292,11,E
SRR5024190_trimmed,290,11,E
SRR5024214_trimmed,292,11,E
SRR5029675_trimmed,280,11,E
SRR5029699_trimmed,295,11,E
SRR5029846_trimmed,287,11,E
SRR5029854_trimmed,293,11,E
SRR5030813_trimmed,292,1804,E
SRR5034902_trimmed,284,11,E
SRR5034940_trimmed,288,11,E
SRR5034942_trimmed,268,11,E
SRR5034944_trimmed,284,11,E
SRR5034947_trimmed,287,11,E
SRR5038906_trimmed,289,11,E
SRR5904104_trimmed,284,11,E
SRR6051719_trimmed,268,11~,E
SRR6051734_trimmed,266,11~,E
SRR6051735_trimmed,286,7006,E
SRR6051736_trimmed,263,11~,E
SRR6051739_trimmed,270,11,E
SRR6051747_trimmed,277,11~,E
SRR6051750_trimmed,282,11,E
SRR6051751_trimmed,286,11,E
SRR6051752_trimmed,284,11,E
SRR6051844_trimmed,290,11~,E
SRR6051850_trimmed,288,11,E
SRR6051867_trimmed,289,11,E
SRR6051873_trimmed,293,11~,E
SRR6051875_trimmed,294,11,E
SRR6052044_trimmed,285,11,E
SRR6052125_trimmed,296,11,E
SRR6052126_trimmed,294,11,E
SRR6052173_trimmed,269,11~,E
SRR6052733_trimmed,270,11~,E
SRR6052785_trimmed,290,11,E
SRR6052803_trimmed,287,11,E
SRR6079209_trimmed,287,11,E
SRR6079230_trimmed,287,11,E
SRR6079233_trimmed,288,11,E
SRR6079445_trimmed,295,11,E
SRR6473356_trimmed,290,11,E
SRR6816928_trimmed,291,11,E
SRR6816930_trimmed,252,11~,E
SRR6816931_trimmed,292,11,E
SRR6816933_trimmed,292,11,E
SRR6816934_trimmed,285,11,E
SRR6816935_trimmed,295,11~,E
SRR6816937_trimmed,295,11,E
SRR6816941_trimmed,266,11,E
SRR6816942_trimmed,293,11,E
SRR6816946_trimmed,294,11,E
SRR6816951_trimmed,295,11,E
SRR6816955_trimmed,283,11,E
SRR6820839_trimmed,283,11,E
SRR6820992_trimmed,292,11~,E
SRR6821002_trimmed,294,11,E
SRR6821003_trimmed,296,11,E
SRR6821007_trimmed,295,11,E
SRR6821010_trimmed,293,11,E
SRR6821013_trimmed,293,11,E
SRR6821014_trimmed,283,11,E
SRR6821015_trimmed,296,11,E
SRR6821016_trimmed,292,11,E
SRR6821017_trimmed,294,11,E
SRR6872951_trimmed,292,11,E
SRR6872954_trimmed,292,11,E
SRR6872955_trimmed,210,11~,E
SRR6872956_trimmed,293,11,E
SRR6872957_trimmed,281,11,E
SRR6872961_trimmed,291,11,E
SRR6872962_trimmed,239,11,E
SRR7163885_trimmed,278,11~,E
SRR7163886_trimmed,290,11,E
SRR7163888_trimmed,289,11,E
SRR7163889_trimmed,259,11~,E
SRR7163890_trimmed,286,11~,E
SRR7163893_trimmed,291,11,E
SRR7163896_trimmed,284,11,E
SRR7163900_trimmed,286,11,E
SRR7163901_trimmed,286,11~,E
SRR7163913_trimmed,293,11,E
SRR7163914_trimmed,262,11~,E
SRR7163915_trimmed,289,11,E
SRR7163926_trimmed,289,11,E
SRR7163929_trimmed,266,11~,E
SRR7163933_trimmed,291,1804~,E
SRR7163934_trimmed,287,11,E
SRR7163940_trimmed,285,11,E
SRR7163947_trimmed,271,11,E
SRR7167518_trimmed,287,11,E
SRR7167523_trimmed,289,11,E
SRR7167525_trimmed,295,11,E
SRR7167526_trimmed,291,11,E
SRR7167541_trimmed,288,11,E
SRR7172279_trimmed,279,11,E
SRR7172290_trimmed,287,11,E
SRR7172298_trimmed,295,11,E
SRR7172299_trimmed,295,11,E
SRR7179946_trimmed,290,11,E
SRR7179947_trimmed,292,11,E
SRR7180037_trimmed,291,11,E
SRR7184207_trimmed,260,11~,E
SRR7184208_trimmed,274,11,E
SRR7184209_trimmed,270,11~,E
SRR7184214_trimmed,286,11,E
SRR7184234_trimmed,294,11,E
SRR7184236_trimmed,282,11,E
SRR7184239_trimmed,283,11,E
SRR7184268_trimmed,292,11,E
SRR7184271_trimmed,289,11,E
SRR7184306_trimmed,290,11,E
SRR7184307_trimmed,292,11,E
SRR7184310_trimmed,293,11,E
SRR7184327_trimmed,292,11,E
SRR7184328_trimmed,254,11~,E
SRR7184350_trimmed,295,11,E
SRR7184356_trimmed,292,11,E
SRR7184359_trimmed,289,11,E
SRR7184361_trimmed,282,11,E
SRR7184367_trimmed,296,11,E
SRR7184382_trimmed,293,11,E
SRR7184389_trimmed,300,11,E
SRR7184397_trimmed,293,11,E
SRR7184404_trimmed,279,11,E
SRR7186892_trimmed,287,11~,E
SRR7186895_trimmed,284,11,E
SRR7186899_trimmed,205,11~,E
SRR7186913_trimmed,291,11,E
SRR7186915_trimmed,283,11,E
SRR7186923_trimmed,291,11,E
SRR7186927_trimmed,275,11,E
SRR7186929_trimmed,290,11,E
SRR7186937_trimmed,278,11,E
SRR7186939_trimmed,261,11,E
SRR7186941_trimmed,291,11,E
SRR7186943_trimmed,290,11,E
SRR7186946_trimmed,292,11,E
SRR7186948_trimmed,294,11,E
SRR7186950_trimmed,291,11,E
SRR7186952_trimmed,291,11,E
SRR7186954_trimmed,292,11,E
SRR7186956_trimmed,292,11,E
SRR7186958_trimmed,297,11,E
SRR7187002_trimmed,297,11,E
SRR7187004_trimmed,293,11,E
SRR7187005_trimmed,294,11,E
SRR7187051_trimmed,289,11,E
SRR7187058_trimmed,292,11,E
SRR7187069_trimmed,284,11,E
SRR7187765_trimmed,290,11,E
SRR7187768_trimmed,297,11~,E
SRR7187781_trimmed,292,11,E
SRR7187785_trimmed,262,2966,E
SRR7187790_trimmed,293,11,E
SRR7187815_trimmed,292,11,E
SRR7187823_trimmed,266,11,E
SRR7187834_trimmed,287,11,E
SRR7187835_trimmed,281,11,E
SRR7187839_trimmed,294,11,E
SRR7187841_trimmed,285,11,E
SRR7187856_trimmed,293,11,E
SRR7187864_trimmed,290,11,E
SRR7187875_trimmed,279,11~,E
SRR7187886_trimmed,292,11,E
SRR7187888_trimmed,282,11~,E
SRR7187889_trimmed,289,11,E
SRR7187892_trimmed,290,11,E
SRR7187908_trimmed,289,11,E
SRR7187916_trimmed,293,11,E
SRR7191463_trimmed,279,11~,E
SRR7191537_trimmed,292,11,E
SRR7191556_trimmed,285,11,E
SRR7191562_trimmed,293,11,E
SRR7191575_trimmed,287,11,E
SRR7191643_trimmed,293,11,E
SRR7191686_trimmed,282,11,E
SRR7191689_trimmed,299,11,E
SRR7191695_trimmed,286,11,E
SRR7191711_trimmed,294,11,E
SRR7204207_trimmed,289,11,E
SRR7204218_trimmed,264,11~,E
SRR7204247_trimmed,290,11,E
SRR7204298_trimmed,277,11~,E
SRR7204320_trimmed,237,11~,E
SRR7204333_trimmed,224,11~,E
SRR7204337_trimmed,290,11,E
SRR7204345_trimmed,284,11~,E
SRR7204363_trimmed,295,1804,E
SRR7204378_trimmed,288,11,E
SRR7204379_trimmed,278,11,E
SRR7208461_trimmed,273,11~,E
SRR7208625_trimmed,279,11~,E
SRR7208632_trimmed,294,11,E
SRR7208779_trimmed,287,11,E
SRR7208791_trimmed,289,11~,E
SRR7208793_trimmed,293,11,E
SRR7208794_trimmed,287,11~,E
SRR7209052_trimmed,279,11,E
SRR7215277_trimmed,287,11,E
SRR7215278_trimmed,293,11,E
SRR7215280_trimmed,296,11,E
SRR7215295_trimmed,272,11~,E
SRR7215505_trimmed,293,11,E
SRR7215509_trimmed,292,11,E
SRR7215513_trimmed,293,11,E
SRR7215567_trimmed,294,11,E
SRR7215572_trimmed,282,11~,E
SRR7215898_trimmed,290,11,E
SRR7215914_trimmed,294,11,E
SRR7215921_trimmed,288,11~,E
SRR7215923_trimmed,283,11,E
SRR7215927_trimmed,291,11,E
SRR7215928_trimmed,285,11,E
SRR7215939_trimmed,279,11,E
SRR7221035_trimmed,285,11~,E
SRR7221039_trimmed,293,11,E
SRR7221091_trimmed,291,11,E
SRR7221123_trimmed,291,11,E
SRR7221193_trimmed,293,11,E
SRR7221210_trimmed,291,11,E
SRR7221212_trimmed,289,11,E
SRR7221233_trimmed,284,11~,E
SRR7221257_trimmed,278,11~,E
SRR7221271_trimmed,286,11,E
SRR7221278_trimmed,262,11~,E
SRR7221284_trimmed,291,11,E
SRR7221297_trimmed,294,11,E
SRR7221343_trimmed,292,11,E
SRR7223033_trimmed,265,11,E
SRR7223038_trimmed,283,11,E
SRR7223039_trimmed,286,11,E
SRR7223049_trimmed,279,11~,E
SRR7223056_trimmed,260,11~,E
SRR7223062_trimmed,296,11,E
SRR7223072_trimmed,293,11,E
SRR7223088_trimmed,281,11,E
SRR7223095_trimmed,279,11~,E
SRR7223099_trimmed,290,11,E
SRR7223104_trimmed,291,8210,E
SRR7223110_trimmed,276,11,E
SRR7223127_trimmed,282,11,E
SRR7223133_trimmed,293,2966,E
SRR7223135_trimmed,293,11,E
SRR7223137_trimmed,235,11,E
SRR7223139_trimmed,290,11,E
SRR7223161_trimmed,287,11,E
SRR7230164_trimmed,251,11~,E
SRR7230169_trimmed,265,11~,E
SRR7230206_trimmed,281,11,E
SRR7230210_trimmed,287,11,E
SRR7230216_trimmed,281,11,E
SRR7230224_trimmed,283,11,E
SRR7230229_trimmed,286,11,E
SRR7230232_trimmed,291,11,E
SRR7230246_trimmed,289,11,E
SRR7230294_trimmed,283,11,E
SRR7230299_trimmed,292,11,E
SRR7230302_trimmed,295,11,E
SRR7230307_trimmed,287,11,E
SRR7230310_trimmed,281,11,E
SRR7230311_trimmed,281,11,E
SRR7230313_trimmed,275,11~,E
SRR7230320_trimmed,294,11,E
SRR7230321_trimmed,294,11,E
SRR7230322_trimmed,291,11,E
SRR7230329_trimmed,291,1833,E
SRR7230333_trimmed,291,11,E
SRR7230336_trimmed,289,11,E
SRR7230350_trimmed,292,11,E
SRR7230378_trimmed,292,11,E
SRR7230683_trimmed,292,11,E
SRR7236433_trimmed,274,11,E
SRR7236572_trimmed,292,8295,E
SRR7236579_trimmed,241,11,E
SRR7236592_trimmed,286,11,E
SRR7236607_trimmed,294,11,E
SRR7236609_trimmed,262,11,E
SRR7236624_trimmed,287,11,E
SRR7236626_trimmed,277,11,E
SRR7236632_trimmed,285,11,E
SRR7236633_trimmed,294,11,E
SRR7236647_trimmed,292,11,E
SRR7236681_trimmed,288,11,E
SRR7244217_trimmed,286,8301~,E
SRR7244223_trimmed,290,11,E
SRR7244237_trimmed,283,11,E
SRR7244239_trimmed,287,11~,E
SRR7244279_trimmed,293,11,E
SRR7244280_trimmed,293,11,E
SRR7244288_trimmed,293,11,E
SRR7244290_trimmed,291,1833,E
SRR7244293_trimmed,295,11,E
SRR7244294_trimmed,272,11,E
SRR7244295_trimmed,291,11,E
SRR7244310_trimmed,290,11,E
SRR7244359_trimmed,292,11,E
SRR7249500_trimmed,246,11~,E
SRR7249507_trimmed,273,11~,E
SRR7249522_trimmed,290,11,E
SRR7249678_trimmed,295,11,E
SRR7249679_trimmed,287,11,E
SRR7249680_trimmed,289,11,E
SRR7249683_trimmed,292,11,E
SRR7249711_trimmed,289,11,E
SRR7249729_trimmed,274,11~,E
SRR7249752_trimmed,287,11,E
SRR7249753_trimmed,289,11,E
SRR7249774_trimmed,291,11,E
SRR7250960_trimmed,289,11,E
SRR7250961_trimmed,287,11,E
SRR7250965_trimmed,282,11,E
SRR7250977_trimmed,289,11,E
SRR7250999_trimmed,291,11,E
SRR7251000_trimmed,250,11~,E
SRR7251007_trimmed,289,11,E
SRR7251010_trimmed,244,11~,E
SRR7251023_trimmed,297,11,E
SRR7251026_trimmed,286,11,E
SRR7251048_trimmed,293,11,E
SRR7251411_trimmed,269,8301,E
SRR7251416_trimmed,281,11~,E
SRR7251436_trimmed,279,11,E
SRR7251437_trimmed,280,11~,E
SRR7251442_trimmed,291,11,E
SRR7251452_trimmed,290,11,E
SRR7251454_trimmed,270,11~,E
SRR7251455_trimmed,293,11,E
SRR7251463_trimmed,295,11,E
SRR7251474_trimmed,294,11,E
SRR7251480_trimmed,279,11,E
SRR7251488_trimmed,287,11,E
SRR7256949_trimmed,263,11~,E
SRR7256952_trimmed,267,11~,E
SRR7256953_trimmed,296,11,E
SRR7256954_trimmed,290,11,E
SRR7256958_trimmed,286,11,E
SRR7256969_trimmed,297,8310,E
SRR7256970_trimmed,295,11,E
SRR7256983_trimmed,292,11,E
SRR7256992_trimmed,285,11,E
SRR7256993_trimmed,270,11~,E
SRR7256994_trimmed,293,11,E
SRR7256996_trimmed,238,11,E
SRR7257041_trimmed,208,11~,E
SRR7257105_trimmed,287,11,E
SRR7257134_trimmed,291,11,E
SRR7265740_trimmed,302,11,E
SRR7265839_trimmed,253,11~,E
SRR7265843_trimmed,288,11~,E
SRR7265844_trimmed,289,11,E
SRR7265860_trimmed,270,11~,E
SRR7265861_trimmed,289,11,E
SRR7265866_trimmed,292,11,E
SRR7265868_trimmed,292,11,E
SRR7265869_trimmed,281,11,E
SRR7265925_trimmed,286,11,E
SRR7265941_trimmed,280,11,E
SRR7265951_trimmed,291,11,E
SRR7265962_trimmed,242,11~,E
SRR7265974_trimmed,293,2966,E
SRR7265979_trimmed,285,11,E
SRR7266382_trimmed,284,11~,E
SRR7266771_trimmed,282,11,E
SRR7266794_trimmed,296,11,E
SRR7266802_trimmed,292,11,E
SRR7266812_trimmed,291,11,E
SRR7266813_trimmed,293,11,E
SRR7266815_trimmed,289,11,E
SRR7266820_trimmed,291,11,E
SRR7266826_trimmed,292,11,E
SRR7266828_trimmed,292,11,E
SRR7274800_trimmed,298,11,E
SRR7274803_trimmed,292,11,E
SRR7274805_trimmed,291,11,E
SRR7274814_trimmed,291,11,E
SRR7274821_trimmed,291,11,E
SRR7274825_trimmed,295,11,E
SRR7274842_trimmed,293,11,E
SRR7274845_trimmed,292,11,E
SRR7274846_trimmed,288,11,E
SRR7274852_trimmed,293,8295,E
SRR7274854_trimmed,285,11,E
SRR7274859_trimmed,263,11,E
SRR7274863_trimmed,287,11,E
SRR7274961_trimmed,280,11,E
SRR7276910_trimmed,275,11~,E
SRR7276914_trimmed,284,11,E
SRR7276922_trimmed,287,11,E
SRR7276947_trimmed,290,11~,E
SRR7276966_trimmed,281,11,E
SRR7277698_trimmed,292,11,E
SRR7277726_trimmed,292,11,E
SRR7277736_trimmed,283,11,E
SRR7277744_trimmed,222,11~,E
SRR7277749_trimmed,255,11~,E
SRR7277752_trimmed,292,11,E
SRR7277753_trimmed,287,11,E
SRR7277790_trimmed,292,11,E
SRR7277808_trimmed,286,11,E
SRR7277870_trimmed,291,11,E
SRR7277874_trimmed,287,11,E
SRR7278083_trimmed,299,11,E
SRR7282603_trimmed,253,11~,E
SRR7282606_trimmed,293,11,E
SRR7282616_trimmed,292,11,E
SRR7282623_trimmed,289,11,E
SRR7282650_trimmed,286,11,E
SRR7282651_trimmed,271,11,E
SRR7282657_trimmed,286,11,E
SRR7283662_trimmed,294,11,E
SRR7283671_trimmed,278,11,E
SRR7283675_trimmed,267,11,E
SRR7283721_trimmed,295,11,E
SRR7283722_trimmed,290,11,E
SRR7283732_trimmed,288,11,E
SRR7283734_trimmed,287,11,E
SRR7283749_trimmed,254,11,E
SRR7283759_trimmed,293,11,E
SRR7283765_trimmed,297,11,E
SRR7283770_trimmed,294,11,E
SRR7283798_trimmed,277,11,E
SRR7283800_trimmed,279,11,E
SRR7283809_trimmed,295,11,E
SRR7283816_trimmed,285,11,E
SRR7283817_trimmed,295,2966,E
SRR7283821_trimmed,277,11,E
SRR7283822_trimmed,294,11,E
SRR7283828_trimmed,271,11~,E
SRR7285409_trimmed,260,11~,E
SRR7285413_trimmed,260,11~,E
SRR7285424_trimmed,292,11,E
SRR7285437_trimmed,234,11,E
SRR7285439_trimmed,285,11,E
SRR7285443_trimmed,298,11,E
SRR7285444_trimmed,257,11,E
SRR7285445_trimmed,284,11,E
SRR7285451_trimmed,273,11,E
SRR7285452_trimmed,287,11,E
SRR7285456_trimmed,291,11,E
SRR7285469_trimmed,293,11,E
SRR7285471_trimmed,293,11,E
SRR7285477_trimmed,284,11,E
SRR7285478_trimmed,293,11,E
SRR7285482_trimmed,292,11,E
SRR7285496_trimmed,287,11,E
SRR7285497_trimmed,294,11,E
SRR7285498_trimmed,284,11,E
SRR7285499_trimmed,295,8210,E
SRR7285509_trimmed,302,11,E
SRR7285511_trimmed,277,11,E
SRR7285519_trimmed,293,11,E
SRR7285523_trimmed,293,11,E
SRR7285524_trimmed,303,11,E
SRR7285540_trimmed,271,11~,E
SRR7285546_trimmed,292,11,E
SRR7285551_trimmed,275,11,E
SRR7285552_trimmed,291,11,E
SRR7285556_trimmed,292,11,E
SRR7285560_trimmed,291,11,E
SRR7285564_trimmed,290,11,E
SRR7285571_trimmed,294,11,E
SRR7285583_trimmed,287,11,E
SRR7285584_trimmed,298,11,E
SRR7285585_trimmed,205,11~,E
SRR7285591_trimmed,287,11,E
SRR7285609_trimmed,288,11,E
SRR7285612_trimmed,292,11,E
SRR7285703_trimmed,291,11,E
SRR7285752_trimmed,290,11,E
SRR7286173_trimmed,290,11~,E
SRR7286247_trimmed,279,11~,E
SRR7286248_trimmed,290,11,E
SRR7286253_trimmed,288,11,E
SRR7286370_trimmed,295,11,E
SRR7286371_trimmed,290,11,E
SRR7286378_trimmed,294,11,E
SRR7286379_trimmed,290,11,E
SRR7286385_trimmed,287,11,E
SRR7286396_trimmed,297,11,E
SRR7286397_trimmed,291,11,E
SRR7286400_trimmed,293,11,E
SRR7286460_trimmed,295,11,E
SRR7286478_trimmed,289,11,E
SRR7286482_trimmed,293,11,E
SRR7286495_trimmed,295,11,E
SRR7286506_trimmed,293,11,E
SRR7286520_trimmed,295,11,E
SRR7286521_trimmed,292,11,E
SRR7286541_trimmed,295,11,E
SRR7286546_trimmed,293,11,E
SRR7286548_trimmed,295,11,E
SRR7286571_trimmed,290,11,E
SRR7286572_trimmed,281,11,E
SRR7286578_trimmed,293,11,E
SRR7286582_trimmed,268,11,E
SRR7286585_trimmed,294,11,E
SRR7286586_trimmed,291,11,E
SRR7286588_trimmed,288,11,E
SRR7286598_trimmed,286,11,E
SRR7286603_trimmed,290,11,E
SRR7286622_trimmed,295,11,E
SRR7286624_trimmed,292,11,E
SRR7286628_trimmed,294,11,E
SRR7286630_trimmed,290,11,E
SRR7286636_trimmed,287,11,E
SRR7286637_trimmed,290,11,E
SRR7286646_trimmed,294,11,E
SRR7286655_trimmed,292,11~,E
SRR7286696_trimmed,292,11,E
SRR7290921_trimmed,277,11,E
SRR7290922_trimmed,291,11,E
SRR7290928_trimmed,282,11,E
SRR7290971_trimmed,289,11,E
SRR7290974_trimmed,286,11~,E
SRR7290976_trimmed,293,11,E
SRR7290977_trimmed,284,11,E
SRR7290982_trimmed,291,11,E
SRR7290983_trimmed,240,11~,E
SRR7290985_trimmed,292,11,E
SRR7290989_trimmed,292,11,E
SRR7290990_trimmed,280,11,E
SRR7290992_trimmed,292,11,E
SRR7291017_trimmed,292,11,E
SRR7291024_trimmed,277,11,E
SRR7291026_trimmed,292,8328,E
SRR7291031_trimmed,249,11~,E
SRR7291033_trimmed,292,1804,E
SRR7291038_trimmed,276,11,E
SRR7291039_trimmed,240,11,E
SRR7291041_trimmed,282,11,E
SRR7291549_trimmed,269,11~,E
SRR7291578_trimmed,291,11,E
SRR7291579_trimmed,290,11,E
SRR7291581_trimmed,292,11,E
SRR7291584_trimmed,294,11,E
SRR7291587_trimmed,290,11,E
SRR7291588_trimmed,282,11,E
SRR7291592_trimmed,289,11,E
SRR7291613_trimmed,287,11,E
SRR7291614_trimmed,294,11,E
SRR7291617_trimmed,290,11,E
SRR7291623_trimmed,295,11,E
SRR7291626_trimmed,293,11,E
SRR7291635_trimmed,288,11,E
SRR7291636_trimmed,270,11,E
SRR7291643_trimmed,291,11,E
SRR7291653_trimmed,289,11,E
SRR7291656_trimmed,290,11,E
SRR7291670_trimmed,292,11,E
SRR7291673_trimmed,290,11,E
SRR7291839_trimmed,276,11,E
SRR7291915_trimmed,291,11,E
SRR7291921_trimmed,293,11,E
SRR7291939_trimmed,289,11,E
SRR7291952_trimmed,289,11,E
SRR7292644_trimmed,288,11,E
SRR7358008_trimmed,255,11~,E
SRR7358030_trimmed,269,11,E
SRR7358043_trimmed,286,11,E
SRR7358049_trimmed,284,11,E
SRR7358266_trimmed,251,11~,E
SRR7358268_trimmed,292,11,E
SRR7358274_trimmed,277,11~,E
SRR7358275_trimmed,289,11,E
SRR7358276_trimmed,291,11,E
SRR7358277_trimmed,285,11,E
SRR7358278_trimmed,278,11,E
SRR7358287_trimmed,291,11,E
SRR7358288_trimmed,292,11,E
SRR7367202_trimmed,286,11,E
SRR7367213_trimmed,275,11~,E
SRR7367218_trimmed,284,11,E
SRR7367230_trimmed,293,11,E
SRR7367232_trimmed,294,11,E
SRR7367234_trimmed,290,11,E
SRR7367252_trimmed,289,11,E
SRR7367253_trimmed,287,8341,E
SRR7367257_trimmed,286,11,E
SRR7367258_trimmed,255,11~,E
SRR7367360_trimmed,295,11,E
SRR7367365_trimmed,294,11,E
SRR7367379_trimmed,294,11,E
SRR7367380_trimmed,285,11,E
SRR7367381_trimmed,294,11,E
SRR7367391_trimmed,288,11,E
SRR7367397_trimmed,273,11,E
SRR7367401_trimmed,291,11,E
SRR7367407_trimmed,294,11,E
SRR7367408_trimmed,282,11,E
SRR7367414_trimmed,286,11,E
SRR7367419_trimmed,282,11~,E
SRR7367423_trimmed,276,11,E
SRR7367454_trimmed,250,11,E
SRR7367461_trimmed,295,1804,E
SRR7367468_trimmed,293,11,E
SRR7367469_trimmed,291,11,E
SRR7367471_trimmed,292,11,E
SRR7367473_trimmed,291,11,E
SRR7367527_trimmed,284,11,E
SRR7367528_trimmed,276,11,E
SRR7367531_trimmed,268,11,E
SRR7367537_trimmed,292,11,E
SRR7367541_trimmed,304,11,E
SRR7367544_trimmed,294,11~,E
SRR7367547_trimmed,292,11,E
SRR7367549_trimmed,294,11,E
SRR7367553_trimmed,292,11,E
SRR7367577_trimmed,278,11,E
SRR7367584_trimmed,285,11,E
SRR7367589_trimmed,292,11,E
SRR7368855_trimmed,294,11,E
SRR7368879_trimmed,295,11,E
SRR7368890_trimmed,292,11,E
SRR7401610_trimmed,265,11,E
SRR7401617_trimmed,288,11,E
SRR7401620_trimmed,271,11,E
SRR7401624_trimmed,290,11,E
SRR7401630_trimmed,292,11,E
SRR7401632_trimmed,290,11,E
SRR7401634_trimmed,289,11,E
SRR7401635_trimmed,290,11,E
SRR7401637_trimmed,293,1804,E
SRR7401642_trimmed,293,11,E
SRR7401648_trimmed,295,11,E
SRR7401649_trimmed,294,11,E
SRR7401651_trimmed,291,11,E
SRR7401653_trimmed,294,11,E
SRR7401659_trimmed,293,11,E
SRR7401664_trimmed,275,11,E
SRR7401666_trimmed,295,11,E
SRR7401689_trimmed,291,11,E
SRR7401693_trimmed,284,11,E
SRR7401698_trimmed,288,11,E
SRR7401705_trimmed,287,11,E
SRR7401711_trimmed,290,11,E
SRR7401722_trimmed,296,11,E
SRR7407912_trimmed,289,11~,E
SRR7407915_trimmed,286,11,E
SRR7407926_trimmed,292,11,E
SRR7407928_trimmed,286,11~,E
SRR7407935_trimmed,287,11,E
SRR7407937_trimmed,289,11,E
SRR7407939_trimmed,295,11,E
SRR7407945_trimmed,296,11,E
SRR7407946_trimmed,291,11,E
SRR7407947_trimmed,290,11,E
SRR7407961_trimmed,289,11,E
SRR7407963_trimmed,292,11,E
SRR7407964_trimmed,291,11,E
SRR7407966_trimmed,284,11,E
SRR7407982_trimmed,292,11,E
SRR7407984_trimmed,292,11,E
SRR7407986_trimmed,297,11,E
SRR7407987_trimmed,296,11,E
SRR7416051_trimmed,290,11,E
SRR7416058_trimmed,293,11,E
SRR7426120_trimmed,249,8345,E
SRR7426134_trimmed,287,11,E
SRR7439047_trimmed,294,11,E
SRR7439063_trimmed,294,8345,E
SRR7439064_trimmed,285,11,E
SRR7439070_trimmed,296,11,E
SRR7456546_trimmed,278,11,E
SRR7456547_trimmed,274,11~,E
SRR7456548_trimmed,259,11~,E
SRR7456550_trimmed,287,11,E
SRR7456551_trimmed,285,11,E
SRR7456563_trimmed,292,11,E
SRR7456566_trimmed,295,11,E
SRR7456569_trimmed,295,11,E
SRR7474036_trimmed,265,11~,E
SRR7474041_trimmed,292,11,E
SRR7474043_trimmed,292,11,E
SRR7474046_trimmed,294,8345,E
SRR7474048_trimmed,290,11~,E
SRR7474049_trimmed,293,11,E
SRR7474050_trimmed,293,11,E
SRR7474055_trimmed,291,11,E
SRR7474056_trimmed,294,11,E
SRR7474057_trimmed,293,11,E
SRR7474059_trimmed,296,11,E
SRR7474061_trimmed,291,11~,E
SRR7474135_trimmed,294,11,E
SRR7495419_trimmed,292,11,E
SRR7495424_trimmed,291,11,E
SRR7495425_trimmed,281,11,E
SRR7495426_trimmed,297,11,E
SRR7495427_trimmed,294,11,E
SRR7495428_trimmed,295,11,E
SRR7495430_trimmed,291,11,E
SRR7495431_trimmed,292,11,E
SRR7500922_trimmed,296,11,E
SRR7500942_trimmed,289,11,E
SRR7500953_trimmed,289,11,E
SRR7500962_trimmed,240,11,E
SRR7500969_trimmed,292,11,E
SRR7500985_trimmed,284,11,E
SRR7501003_trimmed,286,11,E
SRR7501109_trimmed,295,11,E
SRR7501119_trimmed,294,1804,E
SRR7501136_trimmed,285,11,E
SRR7505880_trimmed,297,11,E
SRR7505889_trimmed,288,11,E
SRR7515979_trimmed,288,11,E
SRR7516046_trimmed,292,11,E
SRR7516047_trimmed,295,11,E
SRR7516048_trimmed,292,11,E
SRR7516049_trimmed,290,11,E
SRR7516050_trimmed,297,11,E
SRR7516051_trimmed,290,11,E
SRR7516052_trimmed,289,11,E
SRR7516054_trimmed,293,11,E
SRR7516055_trimmed,293,11,E
SRR7521182_trimmed,292,11,E
SRR7521263_trimmed,292,11,E
SRR7521356_trimmed,294,8408,E
SRR7522833_trimmed,267,11~,E
SRR7522835_trimmed,268,11,E
SRR7522837_trimmed,231,11~,E
SRR7522845_trimmed,291,11,E
SRR7522849_trimmed,293,11,E
SRR7588581_trimmed,268,11~,E
SRR7588582_trimmed,273,11~,E
SRR7588673_trimmed,297,11,E
SRR7588675_trimmed,297,11,E
SRR7588679_trimmed,289,11,E
SRR7588683_trimmed,268,11~,E
SRR7588684_trimmed,297,11,E
SRR7588687_trimmed,295,11,E
SRR7588692_trimmed,291,11,E
SRR7588694_trimmed,297,11,E
SRR7588696_trimmed,290,11,E
SRR7588697_trimmed,297,11,E
SRR7588701_trimmed,270,11,E
SRR7588704_trimmed,296,11,E
SRR7588707_trimmed,240,11,E
SRR7588710_trimmed,296,11,E
SRR7588712_trimmed,290,11,E
SRR7588713_trimmed,289,11,E
SRR7588714_trimmed,296,11,E
SRR7588715_trimmed,290,11,E
SRR7588718_trimmed,297,11,E
SRR7588719_trimmed,296,11,E
SRR7588720_trimmed,293,11,E
SRR7588722_trimmed,292,11,E
SRR7588725_trimmed,272,11,E
SRR7588727_trimmed,297,11,E
SRR7588735_trimmed,297,11,E
SRR7588737_trimmed,295,11,E
SRR7588739_trimmed,287,11,E
SRR7659087_trimmed,293,11,E
SRR7659088_trimmed,283,11,E
SRR7659089_trimmed,292,11,E
SRR7659090_trimmed,293,11,E
SRR7659091_trimmed,293,11~,E
SRR7659092_trimmed,293,11,E
SRR7659093_trimmed,294,11,E
SRR7659094_trimmed,279,11,E
SRR7659106_trimmed,292,11,E
SRR7659107_trimmed,292,11,E
SRR7659108_trimmed,294,11,E
SRR7659109_trimmed,294,11,E
SRR7659110_trimmed,294,11,E
SRR7659111_trimmed,292,11,E
SRR7659112_trimmed,293,11,E
SRR7659113_trimmed,293,11,E
SRR7826916_trimmed,292,11,E
SRR7826917_trimmed,291,11,E
SRR7826918_trimmed,291,11,E
SRR7826919_trimmed,291,11,E
SRR7826922_trimmed,293,11,E
SRR7826924_trimmed,288,11,E
SRR7826928_trimmed,292,11,E
SRR7826932_trimmed,295,11,E
SRR7826936_trimmed,291,11,E
SRR7826948_trimmed,294,11,E
SRR7826951_trimmed,297,11,E
SRR7826957_trimmed,291,11,E
SRR7826959_trimmed,296,11,E
SRR7826963_trimmed,298,11,E
SRR7826964_trimmed,295,11,E
SRR7826969_trimmed,294,11,E
SRR7826970_trimmed,292,11,E
SRR7826971_trimmed,293,11,E
SRR7826973_trimmed,291,11,E
SRR7826975_trimmed,297,11,E
SRR7826985_trimmed,294,1804,E
SRR7826986_trimmed,295,11,E
SRR7827043_trimmed,296,11,E
SRR7827049_trimmed,297,11,E
SRR7827059_trimmed,292,11,E
SRR7827063_trimmed,292,11,E
SRR7827064_trimmed,296,11,E
SRR7827065_trimmed,291,11,E
SRR7827069_trimmed,289,11,E
SRR7827073_trimmed,296,11,E
SRR7827082_trimmed,296,11,E
SRR7832325_trimmed,272,11~,E
SRR7832330_trimmed,296,11,E
SRR7832333_trimmed,283,11,E
SRR7833068_trimmed,288,11,E
SRR7833069_trimmed,290,11,E
SRR7833076_trimmed,292,11,E
SRR7833081_trimmed,295,11,E
SRR7833084_trimmed,292,11,E
SRR7833094_trimmed,291,11,E
SRR7833097_trimmed,293,11,E
SRR7833106_trimmed,296,11,E
SRR7833839_trimmed,292,11,E
SRR7834592_trimmed,288,11,E
SRR7835329_trimmed,289,11,E
SRR7835333_trimmed,294,8210,E
SRR7835540_trimmed,292,11,E
SRR7835544_trimmed,285,8345~,E
SRR7835545_trimmed,279,11,E
SRR7835546_trimmed,289,11,E
SRR7836283_trimmed,298,11,E
SRR7836287_trimmed,291,11,E
SRR7836292_trimmed,296,11,E
SRR7836293_trimmed,294,1804,E
SRR7836294_trimmed,296,11,E
SRR7836295_trimmed,294,11,E
SRR7836298_trimmed,293,11,E
SRR7836302_trimmed,291,11,E
SRR7836311_trimmed,292,11,E
SRR7837069_trimmed,296,11,E
SRR7837070_trimmed,289,11,E
SRR7837071_trimmed,296,11,E
SRR7838538_trimmed,292,11,E
SRR7839297_trimmed,294,11,E
SRR7839306_trimmed,292,11,E
SRR7839312_trimmed,293,11,E
SRR7839315_trimmed,290,11,E
SRR7839320_trimmed,282,11,E
SRR7839321_trimmed,291,11,E
SRR7839322_trimmed,291,11,E
SRR7839324_trimmed,291,11,E
SRR7839326_trimmed,293,11,E
SRR7839330_trimmed,296,11,E
SRR7839332_trimmed,293,11,E
SRR7839334_trimmed,292,11,E
SRR7839340_trimmed,291,11,E
SRR7839341_trimmed,293,11,E
SRR7839344_trimmed,288,11,E
SRR7839349_trimmed,291,11,E
SRR7839358_trimmed,293,8510,E
SRR7839359_trimmed,290,11,E
SRR7839370_trimmed,296,11,E
SRR7839376_trimmed,295,11,E
SRR7840168_trimmed,292,11,E
SRR7840169_trimmed,290,11,E
esc_aa7875aa_as,293,11,E
esc_aa7899aa_as,292,11,E
esc_aa7930aa_as,295,11,E
esc_aa7942aa_as,292,5315,E
esc_aa7978aa_as,294,11,E
esc_aa8009aa_as,294,11,E
esc_aa8049aa_as,290,11,E
esc_aa8076aa_as,298,11,E
esc_aa8104aa_as,292,11,E
esc_aa8156aa_as,293,11,E
esc_aa8182aa_as,294,11,E
esc_aa8282aa_as,294,11,E
esc_aa8336aa_as,293,11,E
esc_aa8390aa_as,294,11,E
esc_aa8414aa_as,296,11,E
esc_aa8457aa_as,294,11,E
esc_aa8470aa_as,295,11,E
esc_aa8479aa_as,294,11,E
esc_aa8518aa_as,292,11,E
esc_aa8537aa_as,295,11,E
esc_aa8608aa_as,296,11,E
esc_aa8832aa_as,296,11,E
esc_aa8963aa_as,296,11,E
esc_aa8977aa_as,294,11,E
esc_aa9000aa_as,296,11,E
esc_aa9003aa_as,293,11,E
esc_aa9004aa_as,294,11,E
esc_aa9040aa_as,292,11,E
esc_aa9059aa_as,296,11,E
esc_aa9084aa_as,292,11,E
esc_aa9094aa_as,293,11,E
esc_aa9112aa_as,293,11,E
esc_aa9198aa_as,298,11,E
esc_aa9243aa_as,299,11,E
esc_aa9322aa_as,293,11,E
esc_aa9354aa_as,292,11,E
esc_aa9383aa_as,292,11,E
esc_aa9444aa_as,292,11,E
esc_aa9447aa_as,295,11,E
esc_aa9450aa_as,293,11,E
esc_aa9530aa_as,294,11,E
esc_aa9537aa_as,296,11,E
esc_aa9568aa_as,293,11,E
esc_aa9677aa_as,295,11,E
esc_aa9679aa_as,293,11,E
esc_aa9720aa_as,292,11,E
esc_aa9787aa_as,291,11,E
esc_aa9803aa_as,294,11,E
esc_aa9812aa_as,292,11,E
esc_aa9850aa_as,293,11,E
esc_aa9891aa_as,293,5297,E
esc_aa9918aa_as,296,11,E
esc_aa9980aa_as,292,11,E
esc_ba0009aa_as,292,11,E
esc_ba0010aa_as,292,11,E
esc_ba0039aa_as,299,11,E
esc_ba0057aa_as,296,11,E
esc_ba0059aa_as,293,11,E
esc_ba0061aa_as,290,11,E
esc_ba0073aa_as,290,11,E
esc_ba0086aa_as,293,11,E
esc_ba0286aa_as,297,11,E
esc_ba0383aa_as,290,1595,E
esc_ba0505aa_as,295,11,E
esc_ba0516aa_as,292,5356,E
esc_ba0585aa_as,299,11,E
esc_ba0608aa_as,293,11,E
esc_ba0611aa_as,293,11,E
esc_ba0637aa_as,295,11,E
esc_ba0721aa_as,294,11,E
esc_ba0753aa_as,292,11,E
esc_ba0794aa_as,300,11,E
esc_ba0799aa_as,292,11,E
esc_ba0860aa_as,293,11,E
esc_ba0863aa_as,292,11,E
esc_ba0923aa_as,293,5368,E
esc_ba0931aa_as,292,11,E
esc_ba0939aa_as,294,11,E
esc_ba1089aa_as,293,11,E
esc_ba1103aa_as,291,11,E
esc_ba1163aa_as,299,11,E
esc_ba1194aa_as,293,11,E
esc_ba1223aa_as,294,11,E
esc_ba1383aa_as,294,11,E
esc_ba1477aa_as,295,11,E
esc_ba1517aa_as,296,11,E
esc_ba1531aa_as,299,11,E
esc_ba1573aa_as,293,11,E
esc_ba1675aa_as,295,11,E
esc_ba1746aa_as,298,11,E
esc_ba1853aa_as,293,11,E
esc_ba1882aa_as,296,11,E
esc_ba1884aa_as,294,11,E
esc_ba1929aa_as,293,11,E
esc_ba1948aa_as,293,11,E
esc_ba2041aa_as,292,11,E
esc_ba2056aa_as,296,11,E
esc_ba2134aa_as,292,11,E
esc_ba2155aa_as,292,11,E
esc_ba2157aa_as,294,11,E
esc_ba2188aa_as,292,11,E
esc_ba2297aa_as,293,11,E
esc_ba2382aa_as,297,11,E
esc_ba2385aa_as,295,11,E
esc_ba2423aa_as,291,11,E
esc_ba2459aa_as,294,11,E
esc_ba2497aa_as,296,11,E
esc_ba2573aa_as,293,11,E
esc_ba2578aa_as,292,11,E
esc_ba2580aa_as,294,11,E
esc_ba2618aa_as,295,11,E
esc_ba2669aa_as,296,11,E
esc_ba2678aa_as,296,11,E
esc_ba2723aa_as,293,11,E
esc_ba2728aa_as,294,11,E
esc_ba2808aa_as,293,11,E
esc_ba2811aa_as,293,11,E
esc_ba2876aa_as,294,11,E
esc_ba2992aa_as,294,11,E
esc_ba3014aa_as,292,11,E
esc_ba3048aa_as,296,11,E
esc_ba3369aa_as,296,11,E
esc_ba3419aa_as,295,11,E
esc_ba3444aa_as,292,11,E
esc_ba3471aa_as,295,11,E
esc_ba3617aa_as,294,5243,E
esc_ba3631aa_as,296,11,E
esc_ba3789aa_as,293,11,E
esc_ba3791aa_as,293,11,E
esc_ba3792aa_as,293,11,E
esc_ba3812aa_as,292,11,E
esc_ba3845aa_as,296,11,E
esc_ba3877aa_as,292,11,E
esc_ba3911aa_as,296,11,E
esc_ba3944aa_as,291,11,E
esc_ba3984aa_as,294,11,E
esc_ba3998aa_as,297,11,E
esc_ba4001aa_as,293,11,E
esc_ba4012aa_as,296,11,E
esc_ba4140aa_as,295,11,E
esc_ba4165aa_as,294,11,E
esc_ba4169aa_as,294,11,E
esc_ba4194aa_as,295,11,E
esc_ba4214aa_as,292,11,E
esc_ba4227aa_as,296,11,E
esc_ba4268aa_as,292,11,E
esc_ba4318aa_as,296,11,E
esc_ba4405aa_as,293,11,E
esc_ba4451aa_as,290,11,E
esc_ba4497aa_as,293,11,E
esc_ba4508aa_as,295,11,E
esc_ba4532aa_as,298,11,E
esc_ba4570aa_as,297,11,E
esc_ba4584aa_as,291,11,E
esc_ba4613aa_as,296,11,E
esc_ba4679aa_as,294,11,E
esc_ba4695aa_as,296,11,E
esc_ba4768aa_as,291,11,E
esc_ba4779aa_as,287,11,E
esc_ba4821aa_as,293,11,E
esc_ba4883aa_as,292,11,E
esc_ba4894aa_as,293,11,E
esc_ba4910aa_as,293,5368,E
esc_ba5022aa_as,291,11,E
esc_ba5025aa_as,296,11,E
esc_ba5076aa_as,295,11,E
esc_ba5097aa_as,296,11,E
esc_ba5216aa_as,296,11,E
esc_ba5259aa_as,293,11,E
esc_ba5310aa_as,297,11,E
esc_ba5337aa_as,294,11,E
esc_ba5407aa_as,294,11,E
esc_ba5414aa_as,294,11,E
esc_ba5419aa_as,298,11,E
esc_ba5498aa_as,296,11,E
esc_ba5528aa_as,295,11,E
esc_ba5543aa_as,289,11,E
esc_ba5552aa_as,296,11,E
esc_ba5558aa_as,293,11,E
esc_ba5574aa_as,293,11,E
esc_ba5602aa_as,293,11,E
esc_ba5603aa_as,295,11,E
esc_ba5611aa_as,297,11,E
esc_ba5688aa_as,296,11,E
esc_ba5703aa_as,294,11,E
esc_ba5746aa_as,291,11,E
esc_ba5748aa_as,299,11,E
esc_ba5750aa_as,292,11,E
esc_ba5777aa_as,294,11,E
esc_ba5782aa_as,295,11,E
esc_ba5787aa_as,292,11,E
esc_ba5796aa_as,292,11,E
esc_ba5825aa_as,293,11,E
esc_ba5837aa_as,295,1804,E
esc_ba5847aa_as,292,11,E
esc_ba5897aa_as,292,11,E
esc_ba5907aa_as,294,11,E
esc_ba5939aa_as,292,11,E
esc_ba5944aa_as,292,11,E
esc_ba5966aa_as,296,11,E
esc_ba6020aa_as,292,11,E
esc_ba6088aa_as,296,11,E
esc_ba6112aa_as,296,11,E
esc_ba6162aa_as,292,11,E
esc_ba6258aa_as,295,11,E
esc_ba6293aa_as,290,11,E
esc_ba6361aa_as,292,11,E
esc_ba6374aa_as,290,11,E
esc_ba6488aa_as,292,11,E
esc_ba6589aa_as,293,11,E
esc_ba6698aa_as,293,11,E
esc_ba6732aa_as,293,11,E
esc_ba6745aa_as,293,11,E
esc_ba6763aa_as,296,11,E
esc_ba6786aa_as,294,11,E
esc_ba6946aa_as,295,11,E
esc_ba6957aa_as,291,11,E
esc_ba7042aa_as,293,11,E
esc_ba7204aa_as,293,11,E
esc_ba7223aa_as,295,11,E
esc_ba7273aa_as,295,11,E
esc_ba7294aa_as,293,11,E
esc_ba7318aa_as,297,11,E
esc_ba7356aa_as,296,11,E
esc_ba7396aa_as,300,11,E
esc_ba7435aa_as,293,11,E
esc_ba7481aa_as,291,11,E
esc_ba7489aa_as,295,11,E
esc_ba7540aa_as,293,11,E
esc_ba7578aa_as,296,11,E
esc_ba7615aa_as,293,11,E
esc_ba7725aa_as,292,11,E
esc_ba7839aa_as,293,11~,E
esc_ba7982aa_as,293,11,E
esc_ba8032aa_as,295,11,E
esc_ba8305aa_as,293,11,E
esc_ba8349aa_as,296,11,E
esc_ba8412aa_as,290,11,E
esc_ba8417aa_as,293,11,E
esc_ba8432aa_as,292,11,E
esc_ba8487aa_as,294,11,E
esc_ba8571aa_as,293,11,E
esc_ba8617aa_as,295,1804,E
esc_ba8649aa_as,294,11,E
esc_ba8658aa_as,291,11,E
esc_ba8705aa_as,294,11,E
esc_ba8769aa_as,290,11,E
esc_ba8776aa_as,295,11,E
esc_ba8870aa_as,294,2966,E
esc_ba8914aa_as,296,11,E
esc_ba8967aa_as,293,11,E
esc_ba9052aa_as,298,11,E
esc_ba9072aa_as,292,11,E
esc_ba9154aa_as,292,11,E
esc_ba9262aa_as,294,11,E
esc_ba9285aa_as,296,11,E
esc_ba9354aa_as,293,11,E
esc_ba9361aa_as,292,11,E
esc_ba9444aa_as,293,11,E
esc_ba9498aa_as,300,11,E
esc_ba9542aa_as,293,11,E
esc_ba9624aa_as,298,11,E
esc_ba9648aa_as,291,11,E
esc_ba9709aa_as,291,11,E
esc_ba9760aa_as,294,11,E
esc_ba9818aa_as,289,11~,E
esc_ba9838aa_as,292,11,E
esc_ca0022aa_as,296,11,E
esc_ca0048aa_as,292,11,E
esc_ca0070aa_as,296,11,E
esc_ca0089aa_as,293,11,E
esc_ca0105aa_as,295,11,E
esc_ca0141aa_as,296,11,E
esc_ca0167aa_as,297,11,E
esc_ca0179aa_as,292,11,E
esc_ca0223aa_as,291,11,E
esc_ca0275aa_as,290,11,E
esc_ca0319aa_as,295,11,E
esc_ca0333aa_as,295,11,E
esc_ca0348aa_as,291,11,E
esc_ca0358aa_as,295,11,E
esc_ca0385aa_as,292,11,E
esc_ca0411aa_as,297,11,E
esc_ca0425aa_as,292,11,E
esc_ca0434aa_as,295,11,E
esc_ca0467aa_as,293,11,E
esc_ca0474aa_as,293,11,E
esc_ca0496aa_as,296,11,E
esc_ca0516aa_as,294,11,E
esc_ca0663aa_as,293,11,E
esc_ca0758aa_as,292,11,E
esc_ca0775aa_as,299,11,E
esc_ca0831aa_as,291,11,E
esc_ca0854aa_as,298,11,E
esc_ca0860aa_as,294,11,E
esc_ca0880aa_as,292,11,E
esc_ca0899aa_as,293,11,E
esc_ca0955aa_as,293,11,E
esc_ca0984aa_as,293,11,E
esc_ca1003aa_as,295,11,E
esc_ca1096aa_as,291,11,E
esc_ca1126aa_as,295,11,E
esc_ca1143aa_as,299,11,E
esc_ca1195aa_as,295,11,E
esc_ca1242aa_as,295,11,E
esc_ca1329aa_as,291,11,E
esc_ca1348aa_as,298,11,E
esc_ca1394aa_as,294,1804,E
esc_ca1412aa_as,296,11,E
esc_ca1438aa_as,292,11,E
esc_ca1461aa_as,290,11,E
esc_ca1462aa_as,296,11,E
esc_ca1489aa_as,293,11,E
esc_ca1490aa_as,293,11,E
esc_ca1510aa_as,293,11,E
esc_ca1529aa_as,294,11,E
esc_ca1552aa_as,293,11,E
esc_ca1573aa_as,294,11,E
esc_ca1608aa_as,293,11,E
esc_ca1751aa_as,293,11,E
esc_ca1754aa_as,295,11,E
esc_ca1798aa_as,293,11,E
esc_ca1868aa_as,295,11,E
esc_ca1928aa_as,294,11,E
esc_ca1981aa_as,292,11,E
esc_ca2026aa_as,296,11,E
esc_ca2116aa_as,290,11,E
esc_ca2121aa_as,295,11,E
esc_ca2198aa_as,294,11,E
esc_ca2232aa_as,294,11,E
esc_ca2318aa_as,291,11,E
esc_ca2337aa_as,295,11,E
esc_ca2375aa_as,293,11,E
esc_ca2412aa_as,292,11,E
esc_ca2423aa_as,298,11,E
esc_ca2507aa_as,293,11,E
esc_ca2559aa_as,293,11,E
esc_ca2664aa_as,291,11,E
esc_ca2666aa_as,290,11,E
esc_ca2667aa_as,297,11,E
esc_ca2668aa_as,294,11,E
esc_ca2677aa_as,295,11,E
esc_ca2787aa_as,295,11,E
esc_ca2835aa_as,295,11,E
esc_ca2847aa_as,293,11,E
esc_ca2851aa_as,293,11,E
esc_ca2905aa_as,294,11,E
esc_ca2914aa_as,296,11,E
esc_ca2973aa_as,291,11,E
esc_ca3024aa_as,293,11,E
esc_ca3029aa_as,295,11,E
esc_ca3048aa_as,292,11,E
esc_ca3178aa_as,298,11,E
esc_ca3216aa_as,293,11,E
esc_ca3260aa_as,295,11,E
esc_ca3305aa_as,293,11,E
esc_ca3331aa_as,295,11,E
esc_ca3332aa_as,291,11,E
esc_ca3350aa_as,293,11,E
esc_ca3425aa_as,295,11,E
esc_ca3581aa_as,294,11,E
esc_ca3619aa_as,297,11,E
esc_ca3670aa_as,293,11,E
esc_ca3672aa_as,294,11,E
esc_ca3696aa_as,292,11,E
esc_ca3723aa_as,295,11,E
esc_ca3763aa_as,290,11,E
esc_ca3782aa_as,290,11,E
esc_ca3824aa_as,300,11,E
esc_ca3869aa_as,291,11,E
esc_ca3904aa_as,295,11,E
esc_ca3956aa_as,296,11,E
esc_ca3990aa_as,289,11,E
esc_ca4155aa_as,292,11,E
esc_ca4156aa_as,290,11,E
esc_ca4162aa_as,291,11,E
esc_ca4168aa_as,291,11,E
esc_ca4196aa_as,299,11,E
esc_ca4208aa_as,292,11,E
esc_ca4307aa_as,293,11,E
esc_ca4308aa_as,298,11,E
esc_ca4345aa_as,290,11,E
esc_ca4349aa_as,294,11,E
esc_ca4369aa_as,296,11,E
esc_ca4385aa_as,294,11,E
esc_ca4424aa_as,291,11,E
esc_ca4428aa_as,294,11,E
esc_ca4431aa_as,295,11,E
esc_ca4458aa_as,298,11,E
esc_ca4486aa_as,295,11,E
esc_ca4500aa_as,294,11,E
esc_ca4536aa_as,295,11,E
esc_ca4605aa_as,292,11,E
esc_ca4609aa_as,291,11,E
esc_ca4640aa_as,297,11,E
esc_ca4670aa_as,300,11,E
esc_ca4687aa_as,295,11,E
esc_ca4690aa_as,293,11,E
esc_ca4719aa_as,294,11,E
esc_ca4721aa_as,292,11,E
esc_ca4772aa_as,291,11,E
esc_ca4801aa_as,294,11,E
esc_ca4802aa_as,293,11,E
esc_ca4831aa_as,296,11,E
esc_ca4873aa_as,293,11,E
esc_ca4949aa_as,299,11,E
esc_ca4951aa_as,292,11,E
esc_ca4968aa_as,296,11,E
esc_ca4998aa_as,293,11,E
esc_ca5015aa_as,296,11,E
esc_ca5026aa_as,299,11,E
esc_ca5091aa_as,291,11,E
esc_ca5108aa_as,293,11,E
esc_ca5176aa_as,292,11,E
esc_ca5203aa_as,293,11,E
esc_ca5207aa_as,295,11,E
esc_ca5208aa_as,291,11,E
esc_ca5246aa_as,292,11,E
esc_ca5287aa_as,290,11,E
esc_ca5297aa_as,292,11,E
esc_ca5415aa_as,291,11,E
esc_ca5449aa_as,294,11,E
esc_ca5629aa_as,290,11,E
esc_ca5681aa_as,289,11,E
esc_ca5721aa_as,299,11,E
esc_ca5731aa_as,293,11,E
esc_ca5761aa_as,294,11,E
esc_ca5765aa_as,290,11,E
esc_ca5772aa_as,292,11,E
esc_ca5775aa_as,294,11,E
esc_ca5780aa_as,296,11,E
esc_ca5810aa_as,294,11,E
esc_ca5884aa_as,296,11,E
esc_ca5887aa_as,296,11,E
esc_ca5971aa_as,297,11,E
esc_ca6009aa_as,296,11,E
esc_ca6043aa_as,295,11,E
esc_ca6063aa_as,296,11,E
esc_ca6216aa_as,287,11,E
esc_ca6291aa_as,297,11,E
esc_ca6317aa_as,293,11,E
esc_ca6336aa_as,293,11,E
esc_ca6373aa_as,291,11,E
esc_ca6386aa_as,297,11,E
esc_ca6422aa_as,293,11,E
esc_ca6428aa_as,292,11,E
esc_ca6453aa_as,296,11,E
esc_ca6455aa_as,292,11,E
esc_ca6499aa_as,295,11,E
esc_ca6505aa_as,296,11,E
esc_ca6580aa_as,293,11,E
esc_ca6602aa_as,296,11,E
esc_ca6652aa_as,293,11,E
esc_ca6665aa_as,288,11,E
esc_ca6732aa_as,295,11,E
esc_ca6742aa_as,295,11,E
esc_ca6765aa_as,295,11,E
esc_ca6821aa_as,292,11,E
esc_ca7097aa_as,295,11,E
esc_ca7376aa_as,291,11,E
esc_ca7425aa_as,295,11,E
esc_ea4604aa_as,295,11,E
esc_fa2270aa_as,292,11,E
esc_fa4841aa_as,297,11,E
esc_fa4844aa_as,297,11,E
esc_fa4849aa_as,297,11,E
esc_fa8278aa_as,295,11,E
esc_fa8279aa_as,290,11,E
esc_fa8422aa_as,295,11,E
esc_ga1618aa_as,292,11,E
esc_ga7280aa_as,294,11,E
esc_ga7281aa_as,296,11,E
esc_ga8483aa_as,291,11,E
esc_ga8484aa_as,293,11,E
esc_ga8486aa_as,299,11,E
esc_ga8489aa_as,294,2966,E
esc_ga8491aa_as,296,11,E
esc_ga8492aa_as,293,11,E
esc_ga8496aa_as,293,11,E
esc_ga8500aa_as,293,11,E
esc_ga8501aa_as,294,11,E
esc_ga8503aa_as,293,11,E
esc_ga8926aa_as,295,2966,E
esc_ga9415aa_as,291,11,E
esc_ga9661aa_as,296,11,E
esc_ga9662aa_as,296,11,E
esc_ga9668aa_as,296,11,E
esc_ga9669aa_as,295,11,E
esc_ga9670aa_as,299,11,E
esc_ga9671aa_as,299,11,E
esc_ga9672aa_as,300,11,E
esc_ga9673aa_as,291,11,E
esc_ga9675aa_as,298,11,E
esc_ga9676aa_as,291,11,E
esc_ga9677aa_as,300,11,E
esc_ga9678aa_as,293,11,E
esc_ga9679aa_as,295,11,E
esc_ga9682aa_as,292,11,E
esc_ga9683aa_as,294,11,E
esc_ga9684aa_as,297,11,E
esc_ga9685aa_as,294,11,E
esc_ga9686aa_as,295,11,E
esc_ga9687aa_as,296,11,E
esc_ga9688aa_as,295,11,E
esc_ga9689aa_as,299,11,E
esc_ga9690aa_as,299,11,E
esc_ga9691aa_as,296,11,E
esc_ga9692aa_as,299,11,E
esc_ga9693aa_as,295,11,E
esc_ga9694aa_as,295,11,E
esc_ga9695aa_as,299,11,E
esc_ga9696aa_as,299,11,E
esc_ga9697aa_as,299,11,E
esc_ga9698aa_as,296,11,E
esc_ga9699aa_as,299,11,E
esc_ga9700aa_as,296,11,E
esc_ga9701aa_as,297,11,E
esc_ga9702aa_as,258,11,E
esc_ha0376aa_as,296,11,E
esc_ha0472aa_as,291,11,E
esc_ha2654aa_as,294,11,E
esc_ha2656aa_as,295,11,E
esc_ha2657aa_as,293,11,E
esc_ha2659aa_as,294,11,E
esc_ha2660aa_as,294,11,E
esc_ha2661aa_as,293,11,E
esc_ha2662aa_as,294,11,E
esc_ha2663aa_as,295,11,E
esc_ha2664aa_as,292,11,E
esc_ha2667aa_as,295,11,E
esc_ha2668aa_as,295,11,E
esc_ha2669aa_as,293,11,E
esc_ha2671aa_as,297,11,E
esc_ha2673aa_as,295,11,E
esc_ha2674aa_as,292,11,E
esc_ha2675aa_as,295,11,E
esc_ha2676aa_as,295,11,E
esc_ha2677aa_as,295,11,E
esc_ha2678aa_as,295,11,E
esc_ha2679aa_as,295,11,E
esc_ha2680aa_as,295,11,E
esc_ha2681aa_as,295,11,E
esc_ha2682aa_as,294,11,E
esc_ha2683aa_as,294,11,E
esc_ha2685aa_as,292,11,E
esc_ha2687aa_as,293,11,E
esc_ha2688aa_as,293,11,E
esc_ha2689aa_as,293,11,E
esc_ha2690aa_as,295,11,E
esc_ha2696aa_as,294,11,E
esc_ha2697aa_as,292,11,E
esc_ha2698aa_as,293,11,E
esc_ha2699aa_as,295,11,E
esc_ha2700aa_as,294,11,E
esc_ha2701aa_as,295,11,E
esc_ha2702aa_as,295,11,E
esc_ha2703aa_as,295,11,E
esc_ha2704aa_as,294,11,E
esc_ha2705aa_as,293,11,E
esc_ha2706aa_as,292,11,E
esc_ha2707aa_as,295,11,E
esc_ha3270aa_as,292,11,E
esc_ha3271aa_as,293,11,E
esc_ha3272aa_as,292,11,E
esc_ha3273aa_as,292,11,E
esc_ha3274aa_as,293,11,E
esc_ha3275aa_as,293,11,E
esc_ha3277aa_as,294,11,E
esc_ha3278aa_as,293,11,E
esc_ha3279aa_as,292,11,E
esc_ha3280aa_as,290,11,E
esc_ha3281aa_as,292,11,E
esc_ha3282aa_as,293,11,E
esc_ha3283aa_as,291,11,E
esc_ha3284aa_as,291,11,E
esc_ha3285aa_as,293,11,E
esc_ha3286aa_as,291,11,E
esc_ha3287aa_as,293,11,E
esc_ha3289aa_as,293,11,E
esc_ha3290aa_as,293,11,E
esc_ha3291aa_as,290,11,E
esc_ha3292aa_as,293,11,E
esc_ha3293aa_as,291,11,E
esc_ha3294aa_as,292,11,E
esc_ha3295aa_as,293,11,E
esc_ha3296aa_as,291,11,E
esc_ha3297aa_as,293,11,E
esc_ha3299aa_as,295,11,E
esc_ha3300aa_as,292,11,E
esc_ha3301aa_as,292,11,E
esc_ha3302aa_as,290,11,E
esc_ha3303aa_as,291,11,E
esc_ha3304aa_as,293,11,E
esc_ha3305aa_as,290,11,E
esc_ha6103aa_as,293,11,E
esc_ha6104aa_as,294,11,E
esc_ha6105aa_as,293,11,E
esc_ha6106aa_as,294,11,E
esc_ha6107aa_as,293,11,E
esc_ha6108aa_as,293,11,E
esc_ha6109aa_as,293,11,E
esc_ha6110aa_as,294,11,E
esc_ha6112aa_as,294,11,E
esc_ha6113aa_as,293,11,E
esc_ha6114aa_as,294,11,E
esc_ha6115aa_as,294,11,E
esc_ha6117aa_as,294,11,E
esc_ha6118aa_as,294,11,E
esc_ha6119aa_as,294,11,E
esc_ha8983aa_as,299,11,E
esc_ia1128aa_as,292,11,E
esc_ia1129aa_as,297,11,E
esc_ia1130aa_as,295,11,E
esc_ia1133aa_as,294,11,E
esc_ia1135aa_as,293,11,E
esc_ia1140aa_as,295,11,E
esc_ia1141aa_as,294,11,E
esc_ia1142aa_as,295,11,E
esc_ia1143aa_as,293,11,E
esc_ia1144aa_as,297,11,E
esc_ia1145aa_as,291,11,E
esc_ia1146aa_as,296,11,E
esc_ia1147aa_as,297,11,E
esc_ia1149aa_as,297,11,E
esc_ia1150aa_as,291,6667,E
esc_ia1151aa_as,296,11,E
esc_ia1154aa_as,294,11,E
esc_ia1155aa_as,296,11,E
esc_ia1156aa_as,293,11,E
esc_ia1157aa_as,297,11,E
esc_ia1158aa_as,294,11,E
esc_ia1159aa_as,297,11,E
esc_ia1160aa_as,292,11,E
esc_ia1161aa_as,296,11,E
esc_ia1163aa_as,290,11,E
esc_ia1165aa_as,293,11,E
esc_ia1166aa_as,295,11,E
esc_ia1167aa_as,292,11,E
esc_ia1168aa_as,293,11,E
esc_ia1169aa_as,295,11,E
esc_ia1170aa_as,296,11,E
esc_ia1172aa_as,297,11,E
esc_ia1176aa_as,294,1825,E
esc_ia1179aa_as,292,11,E
esc_ia1180aa_as,295,1825,E
esc_ia1181aa_as,295,1825,E
esc_ia1182aa_as,294,11,E
esc_ia1183aa_as,295,11,E
esc_ia1184aa_as,297,11,E
esc_ia1187aa_as,293,11,E
esc_ia1189aa_as,297,11,E
esc_ia1193aa_as,290,11,E
esc_ia1194aa_as,291,11,E
esc_ia1195aa_as,296,11,E
esc_ia1200aa_as,290,11,E
esc_ia1201aa_as,297,11,E
esc_ia1202aa_as,297,11,E
esc_ia1204aa_as,295,11,E
esc_ia1205aa_as,295,11,E
esc_ia1206aa_as,293,11,E
esc_ia1207aa_as,297,11,E
esc_ia1208aa_as,297,11,E
esc_ia1209aa_as,294,11,E
esc_ia1210aa_as,291,6667,E
esc_ia1211aa_as,297,11,E
esc_ia1212aa_as,292,11,E
esc_ia1213aa_as,292,11,E
esc_ia1215aa_as,296,11,E
esc_ia1217aa_as,294,11,E
esc_ia1218aa_as,296,11,E
esc_ia1221aa_as,293,11,E
esc_ia1224aa_as,293,11,E
esc_ia1225aa_as,296,1804,E
esc_ia1228aa_as,297,11,E
esc_ia1229aa_as,291,11,E
esc_ia1232aa_as,294,11,E
esc_ia1234aa_as,293,11,E
esc_ia1237aa_as,294,11,E
esc_ia1238aa_as,290,11,E
esc_ia1245aa_as,296,11,E
esc_ia1247aa_as,293,11,E
esc_ia1251aa_as,293,11,E
esc_ia1253aa_as,293,11,E
esc_ia1254aa_as,295,11,E
esc_ia1256aa_as,297,11,E
esc_ia1258aa_as,290,11,E
esc_ia1260aa_as,290,11,E
esc_ia1262aa_as,290,11,E
esc_ia1263aa_as,292,11,E
esc_ia1265aa_as,293,11,E
esc_ia1267aa_as,298,11,E
esc_ia1272aa_as,293,11,E
esc_ia1273aa_as,296,11,E
esc_ia1274aa_as,299,11,E
esc_ia1277aa_as,293,11,E
esc_ia1281aa_as,291,11,E
esc_ia1283aa_as,292,11,E
esc_ia1284aa_as,296,11,E
esc_ia1285aa_as,294,11,E
esc_ia1286aa_as,294,11,E
esc_ia1287aa_as,291,11,E
esc_ia1288aa_as,293,11,E
esc_ia1290aa_as,292,11,E
esc_ia1294aa_as,293,11,E
esc_ia1295aa_as,295,11,E
esc_ia1297aa_as,294,11,E
esc_ia1299aa_as,296,11,E
esc_ia1438aa_as,293,11,E
esc_ia1441aa_as,294,1804,E
esc_ia1442aa_as,297,11,E
esc_ia1443aa_as,292,11,E
esc_ia1446aa_as,292,11,E
esc_ia1451aa_as,292,11,E
esc_ia1453aa_as,293,11,E
esc_ia1456aa_as,292,11,E
esc_ia1457aa_as,292,11,E
esc_ia1461aa_as,294,11,E
esc_ia1463aa_as,293,11,E
esc_ia1464aa_as,293,11,E
esc_ia1466aa_as,294,11,E
esc_ia1467aa_as,297,11,E
esc_ia1468aa_as,297,11,E
esc_ia1469aa_as,291,11,E
esc_ia1471aa_as,297,11,E
esc_ia1473aa_as,294,11,E
esc_ia1474aa_as,293,11,E
esc_ia1476aa_as,295,11,E
esc_ia1477aa_as,292,11,E
esc_ia1479aa_as,294,11,E
esc_ia1482aa_as,294,11,E
esc_ia1484aa_as,297,11,E
esc_ia1489aa_as,296,11,E
esc_ia1491aa_as,292,11,E
esc_ia1628aa_as,298,11,E
esc_ia1632aa_as,294,11,E
esc_ia1638aa_as,294,11,E
esc_ia1640aa_as,294,11,E
esc_ia1642aa_as,291,11,E
esc_ia1647aa_as,292,11,E
esc_ia1648aa_as,293,11,E
esc_ia1650aa_as,296,11,E
esc_ia1654aa_as,293,11,E
esc_ia1658aa_as,293,11,E
esc_ia1667aa_as,291,11,E
esc_ia1669aa_as,295,11,E
esc_ia1673aa_as,293,11,E
esc_ia1674aa_as,298,11,E
esc_ia1675aa_as,289,11,E
esc_ia1678aa_as,296,11,E
esc_ia3023aa_as,296,11,E
esc_ja3480aa_as,294,11,E
esc_ja3739aa_as,293,11,E
esc_ja3740aa_as,292,11,E
esc_ja3744aa_as,293,11,E
esc_ja3746aa_as,293,11,E
esc_ja3748aa_as,291,11,E
esc_ja3751aa_as,292,11,E
esc_ja3754aa_as,295,11,E
esc_ja3759aa_as,297,11,E
esc_ja3762aa_as,293,11,E
esc_ja3763aa_as,297,11,E
esc_ja3764aa_as,295,11,E
esc_ja3766aa_as,294,11,E
esc_ja3768aa_as,295,11,E
esc_ja3770aa_as,296,11,E
esc_ja3776aa_as,295,11,E
esc_ja3777aa_as,291,11,E
esc_ja3778aa_as,290,11,E
esc_ja3779aa_as,292,11,E
esc_ja3781aa_as,294,11,E
esc_ja3783aa_as,295,11,E
esc_ja3786aa_as,295,1833,E
esc_ja3789aa_as,291,6956,E
esc_ja3791aa_as,293,11,E
esc_ja3793aa_as,293,11,E
esc_ja3794aa_as,292,11,E
esc_ja3797aa_as,295,11,E
esc_ja3798aa_as,290,11,E
esc_ja3799aa_as,295,11,E
esc_ja3803aa_as,292,11,E
esc_ja3807aa_as,295,11,E
esc_ja3808aa_as,290,11,E
esc_ja3811aa_as,297,11,E
esc_ja3812aa_as,293,11,E
esc_ja3815aa_as,294,11,E
esc_ja3816aa_as,296,11,E
esc_ja3821aa_as,296,11,E
esc_ja3823aa_as,297,11,E
esc_ja3824aa_as,296,11,E
esc_ja3828aa_as,293,11,E
esc_ja3830aa_as,296,11,E
esc_ja3831aa_as,293,11,E
esc_ja3834aa_as,294,11,E
esc_ja3835aa_as,295,11,E
esc_ja3836aa_as,295,11,E
esc_ja3837aa_as,293,11,E
esc_ja3838aa_as,296,11,E
esc_ja3840aa_as,294,11,E
esc_ja3843aa_as,294,11,E
esc_ja3844aa_as,295,11,E
esc_ja3848aa_as,296,11,E
esc_ja3850aa_as,292,11,E
esc_ja3851aa_as,295,11,E
esc_ja3855aa_as,292,11,E
esc_ja3858aa_as,296,11,E
esc_ja3859aa_as,294,11,E
esc_ja3860aa_as,294,1804,E
esc_ja3862aa_as,297,11,E
esc_ja3864aa_as,293,11,E
esc_ja3865aa_as,293,11,E
esc_ja3866aa_as,293,11,E
esc_ja3867aa_as,295,11,E
esc_ja3868aa_as,297,11,E
esc_ja3870aa_as,292,11,E
esc_ja3871aa_as,294,11,E
esc_ja3872aa_as,298,11,E
esc_ja3874aa_as,293,11,E
esc_ja3876aa_as,293,11,E
esc_ja3885aa_as,294,6939,E
esc_ja3886aa_as,295,11,E
esc_ja3890aa_as,297,11,E
esc_ja3891aa_as,295,11,E
esc_ja3895aa_as,294,11,E
esc_ja3896aa_as,293,11,E
esc_ja3898aa_as,295,11,E
esc_ja3901aa_as,295,11,E
esc_ja3906aa_as,294,11,E
esc_ja3909aa_as,296,11,E
esc_ja3912aa_as,293,11,E
esc_ja3913aa_as,292,11,E
esc_ja3917aa_as,293,11,E
esc_ja3919aa_as,294,11,E
esc_ja3920aa_as,295,11,E
esc_ja3921aa_as,293,11,E
esc_ja3925aa_as,293,11,E
esc_ja3927aa_as,293,11,E
esc_ja3928aa_as,294,11,E
esc_ja3929aa_as,292,11,E
esc_ja3931aa_as,295,11,E
esc_ja3932aa_as,292,11,E
esc_ja3933aa_as,294,11,E
esc_ja3936aa_as,297,11,E
esc_ja3939aa_as,296,11,E
esc_ja3942aa_as,293,11,E
esc_ja3944aa_as,299,11,E
esc_ja3945aa_as,296,11,E
esc_ja3946aa_as,295,11,E
esc_ja3951aa_as,294,11,E
esc_ja3952aa_as,294,11,E
esc_ja3954aa_as,291,11,E
esc_ja3956aa_as,295,11,E
esc_ja3958aa_as,284,11,E
esc_ja3961aa_as,294,11,E
esc_ja3964aa_as,291,6956,E
esc_ja3966aa_as,293,11,E
esc_ja3967aa_as,299,11,E
esc_ja3968aa_as,292,11,E
esc_ja3971aa_as,295,11,E
esc_ja3975aa_as,292,6956,E
esc_ja3977aa_as,293,11,E
esc_ja3979aa_as,297,11,E
esc_ja3981aa_as,297,11,E
esc_ja3982aa_as,295,11,E
esc_ja3984aa_as,292,11,E
esc_ja3985aa_as,294,11,E
esc_ja3988aa_as,294,11,E
esc_ja3989aa_as,293,11,E
esc_ja3990aa_as,294,11,E
esc_ja3991aa_as,291,11,E
esc_ja3992aa_as,292,11,E
esc_ja3994aa_as,294,11,E
esc_ja4001aa_as,292,11,E
esc_ja4005aa_as,292,11,E
esc_ja4007aa_as,292,11,E
esc_ja4012aa_as,293,11,E
esc_ja4014aa_as,295,11,E
esc_ja4022aa_as,296,11,E
esc_ja4024aa_as,294,11,E
esc_ja4025aa_as,293,11,E
esc_ja4026aa_as,293,11,E
esc_ja4029aa_as,296,11,E
esc_ja4030aa_as,294,11,E
esc_ja4032aa_as,293,11,E
esc_ja4034aa_as,295,11,E
esc_ja4035aa_as,293,11,E
esc_ja4039aa_as,293,11,E
esc_ja4040aa_as,293,11,E
esc_ja4042aa_as,299,11,E
esc_ja4044aa_as,296,11,E
esc_ja4045aa_as,295,11,E
esc_ja4046aa_as,299,11,E
esc_ja4048aa_as,290,11,E
esc_ja4051aa_as,293,11,E
esc_ja4054aa_as,294,11,E
esc_ja4055aa_as,295,11,E
esc_ja4062aa_as,291,11,E
esc_ja4065aa_as,295,11,E
esc_ja4068aa_as,293,11,E
esc_ja4074aa_as,293,11,E
esc_ja4076aa_as,294,11,E
esc_ja4079aa_as,295,11,E
esc_ja4080aa_as,293,11,E
esc_ja4083aa_as,289,11,E
esc_ja4085aa_as,293,11,E
esc_ja4086aa_as,293,11,E
esc_ja4087aa_as,295,11,E
esc_ja4088aa_as,294,11,E
esc_ja4089aa_as,296,11,E
esc_ja4090aa_as,293,11,E
esc_ja4092aa_as,293,11,E
esc_ja4094aa_as,292,11,E
esc_ja4095aa_as,295,11,E
esc_ja4096aa_as,295,11,E
esc_ja4098aa_as,295,11,E
esc_ja4099aa_as,295,11,E
esc_ja4102aa_as,293,11,E
esc_ja4103aa_as,291,11,E
esc_ja4105aa_as,295,11,E
esc_ja4106aa_as,295,11,E
esc_ja4107aa_as,292,11,E
esc_ja4108aa_as,295,11,E
esc_ja4109aa_as,292,11,E
esc_ja4110aa_as,294,11,E
esc_ja4114aa_as,297,11,E
esc_ja4115aa_as,293,11,E
esc_ja4116aa_as,294,11,E
esc_ja4117aa_as,294,11,E
esc_ja4119aa_as,295,11,E
esc_ja4120aa_as,295,11,E
esc_ja4121aa_as,291,11,E
esc_ja4123aa_as,293,11,E
esc_ja4126aa_as,293,11,E
esc_ja4357aa_as,296,11,E
esc_ja4360aa_as,289,11,E
esc_ja4363aa_as,295,11,E
esc_ja4365aa_as,299,11,E
esc_ja4367aa_as,295,11,E
esc_ja4370aa_as,291,11,E
esc_ja4377aa_as,293,11,E
esc_ja4379aa_as,295,11,E
esc_ja4380aa_as,296,11,E
esc_ja4381aa_as,295,11,E
esc_ja4383aa_as,294,11,E
esc_ja4384aa_as,299,11,E
esc_ja4386aa_as,293,11,E
esc_ja4390aa_as,292,11,E
esc_ja4391aa_as,292,11,E
esc_ja4392aa_as,293,11,E
esc_ja4394aa_as,293,11,E
esc_ja4395aa_as,293,11,E
esc_ja4396aa_as,295,11,E
esc_ja4398aa_as,290,11,E
esc_ja4403aa_as,296,11,E
esc_ja4405aa_as,295,11,E
esc_ja4406aa_as,296,11,E
esc_ja4407aa_as,293,11,E
esc_ja4408aa_as,295,11,E
esc_ja4410aa_as,294,11,E
esc_ja4412aa_as,293,11,E
esc_ja4413aa_as,295,11,E
esc_ja4414aa_as,297,11,E
esc_ja4415aa_as,293,11,E
esc_ja4417aa_as,295,11,E
esc_ja4420aa_as,293,11,E
esc_ja4422aa_as,294,11,E
esc_ja4423aa_as,294,11,E
esc_ja4424aa_as,300,11,E
esc_ja4425aa_as,293,11,E
esc_ja4427aa_as,296,11,E
esc_ja4428aa_as,291,11,E
esc_ja4433aa_as,298,11,E
esc_ja4434aa_as,294,11,E
esc_ja4436aa_as,295,1804,E
esc_ja4439aa_as,295,11,E
esc_ja4440aa_as,294,11,E
esc_ja4441aa_as,293,11,E
esc_ja4442aa_as,293,11,E
esc_ja4448aa_as,295,11,E
esc_ja4449aa_as,293,11,E
esc_ja4452aa_as,297,11,E
esc_ja4453aa_as,294,11,E
esc_ja4454aa_as,291,11,E
esc_ja4460aa_as,295,11,E
esc_ja4464aa_as,293,11,E
esc_ja4465aa_as,295,11,E
esc_ja4471aa_as,293,11,E
esc_ja4472aa_as,293,11,E
esc_ja4477aa_as,293,11,E
esc_ja4478aa_as,292,11,E
esc_ja4480aa_as,295,11,E
esc_ja4483aa_as,295,11,E
esc_ja4484aa_as,293,11,E
esc_ja4485aa_as,291,11,E
esc_ja4486aa_as,294,11,E
esc_ja4489aa_as,294,11,E
esc_ja4490aa_as,292,11,E
esc_ja4491aa_as,292,11,E
esc_ja4492aa_as,295,11,E
esc_ja4493aa_as,295,11,E
esc_ja4497aa_as,296,11,E
esc_ja4498aa_as,291,11,E
esc_ja4500aa_as,295,11,E
esc_ja4501aa_as,293,11,E
esc_ja4502aa_as,295,11,E
esc_ja4504aa_as,297,11,E
esc_ja4505aa_as,296,11,E
esc_ja4506aa_as,295,11,E
esc_ja4507aa_as,295,2966,E
esc_ja4509aa_as,293,11,E
esc_ja4510aa_as,295,11,E
esc_ja4512aa_as,293,11,E
esc_ja4514aa_as,292,11,E
esc_ja4515aa_as,292,11,E
esc_ja4517aa_as,293,11,E
esc_ja4518aa_as,293,11,E
esc_ja4519aa_as,294,11,E
esc_ja4520aa_as,296,11,E
esc_ja4521aa_as,291,11,E
esc_ja4528aa_as,291,11,E
esc_ja4530aa_as,294,11,E
esc_ja4531aa_as,293,11,E
esc_ja4533aa_as,294,11,E
esc_ja4534aa_as,295,11,E
esc_ja4537aa_as,297,11,E
esc_ja4539aa_as,293,11,E
esc_ja4545aa_as,296,11,E
esc_ja4548aa_as,294,11,E
esc_ja4549aa_as,293,11,E
esc_ja4551aa_as,295,11,E
esc_ja4552aa_as,294,11,E
esc_ja4553aa_as,300,11,E
esc_ja4554aa_as,300,11,E
esc_ja4556aa_as,289,11,E
esc_ja4557aa_as,298,11,E
esc_ja4559aa_as,294,11,E
esc_ja4561aa_as,295,11,E
esc_ja4562aa_as,293,11,E
esc_ja4564aa_as,293,11,E
esc_ja4565aa_as,294,11,E
esc_ja4568aa_as,293,11,E
esc_ja4570aa_as,295,11,E
esc_ja4577aa_as,293,11,E
esc_ja4578aa_as,297,11,E
esc_ja4582aa_as,297,11,E
esc_ja4583aa_as,289,11,E
esc_ja4586aa_as,293,11,E
esc_ja4588aa_as,291,11,E
esc_ja4593aa_as,295,11,E
esc_ja4594aa_as,295,11,E
esc_ja4595aa_as,297,11,E
esc_ja4599aa_as,294,1804,E
esc_ja4602aa_as,291,11,E
esc_ja4603aa_as,297,11,E
esc_ja4606aa_as,295,11,E
esc_ja4610aa_as,298,11,E
esc_ja4611aa_as,295,11,E
esc_ja4614aa_as,293,11,E
esc_ja4616aa_as,293,11,E
esc_ja4619aa_as,292,11,E
esc_ja4621aa_as,295,11,E
esc_ja4623aa_as,293,11,E
esc_ja4627aa_as,294,11,E
esc_ja4628aa_as,294,11,E
esc_ja4630aa_as,293,11,E
esc_ja4631aa_as,292,11,E
esc_ja4633aa_as,294,11,E
esc_ja4634aa_as,294,11,E
esc_ja4637aa_as,294,11,E
esc_ja4639aa_as,295,11,E
esc_ja4640aa_as,293,11,E
esc_ja4641aa_as,293,11,E
esc_ja4642aa_as,291,6956,E
esc_ja4644aa_as,293,11,E
esc_ja4645aa_as,292,11,E
esc_ja4646aa_as,294,11,E
esc_ja4648aa_as,295,11,E
esc_ja4649aa_as,293,11,E
esc_ja4651aa_as,294,11,E
esc_ja4654aa_as,291,11,E
esc_ja4656aa_as,293,11,E
esc_ja4659aa_as,297,11,E
esc_ja4660aa_as,296,11,E
esc_ja4662aa_as,297,11,E
esc_ja4663aa_as,294,11,E
esc_ja4666aa_as,294,11,E
esc_ja4668aa_as,294,11,E
esc_ja4669aa_as,292,11,E
esc_ja4670aa_as,295,11,E
esc_ja4671aa_as,292,11,E
esc_ja4672aa_as,296,11,E
esc_ja4673aa_as,294,11,E
esc_ja4674aa_as,294,11,E
esc_ja4675aa_as,294,11,E
esc_ja4676aa_as,297,11,E
esc_ja4677aa_as,295,11,E
esc_ja4678aa_as,295,11,E
esc_ja4679aa_as,294,11,E
esc_ja4681aa_as,295,11,E
esc_ja4682aa_as,293,11,E
esc_ja4685aa_as,294,1825,E
esc_ja4687aa_as,291,11,E
esc_ja4689aa_as,296,11,E
esc_ja4693aa_as,294,11,E
esc_ja4695aa_as,293,11,E
esc_ja4696aa_as,295,11,E
esc_ja4697aa_as,293,11,E
esc_ja4699aa_as,295,11,E
esc_ja4701aa_as,295,11,E
esc_ja4702aa_as,295,11,E
esc_ja4704aa_as,294,7028,E
esc_ja4710aa_as,296,11,E
esc_ja4711aa_as,295,11,E
esc_ja4712aa_as,294,11,E
esc_ja4714aa_as,297,11,E
esc_ja4718aa_as,294,11,E
esc_ja4722aa_as,291,11,E
esc_ja4723aa_as,290,11,E
esc_ja4724aa_as,297,11,E
esc_ja4725aa_as,296,11,E
esc_ja4726aa_as,297,11,E
esc_ja4731aa_as,293,11,E
esc_ja4732aa_as,296,11,E
esc_ja4733aa_as,293,11,E
esc_ja4734aa_as,295,11,E
esc_ja4736aa_as,293,11,E
esc_ja4739aa_as,294,11,E
esc_ja4748aa_as,295,11,E
esc_ja4749aa_as,297,11,E
esc_ja4752aa_as,292,11,E
esc_ja4754aa_as,295,11,E
esc_ja4760aa_as,293,11,E
esc_ja4763aa_as,292,11,E
esc_ja4764aa_as,294,11,E
esc_ja4765aa_as,293,11,E
esc_ja4766aa_as,294,11,E
esc_ja4767aa_as,295,1833,E
esc_ja4773aa_as,297,11,E
esc_ja4776aa_as,288,11,E
esc_ja4778aa_as,294,11,E
esc_ja4783aa_as,303,11,E
esc_ja4784aa_as,296,11,E
esc_ja4786aa_as,297,11,E
esc_ja4789aa_as,295,11,E
esc_ja4790aa_as,297,11,E
esc_ja4794aa_as,292,11,E
esc_ja4795aa_as,293,11,E
esc_ja4796aa_as,291,11,E
esc_ja4802aa_as,293,11,E
esc_ja4804aa_as,295,11,E
esc_ja4807aa_as,297,11,E
esc_ja4808aa_as,298,11,E
esc_ja4809aa_as,294,11,E
esc_ja4810aa_as,294,11,E
esc_ja4811aa_as,294,11,E
esc_ja4818aa_as,291,11,E
esc_ja4820aa_as,289,11,E
esc_ja4822aa_as,290,11,E
esc_ja4825aa_as,294,11,E
esc_ja4828aa_as,291,11,E
esc_ja4830aa_as,297,11,E
esc_ja4832aa_as,295,11,E
esc_ja4835aa_as,292,11,E
esc_ja4836aa_as,300,11,E
esc_ja4840aa_as,294,11,E
esc_ja4841aa_as,297,11,E
esc_ja4843aa_as,293,11,E
esc_ja4844aa_as,293,11,E
esc_ja4845aa_as,294,11,E
esc_ja4852aa_as,294,11,E
esc_ja4853aa_as,297,11,E
esc_ja4855aa_as,296,11,E
esc_ja4856aa_as,294,11,E
esc_ja4859aa_as,295,11,E
esc_ja4860aa_as,290,11,E
esc_ja4863aa_as,301,11,E
esc_ja4864aa_as,293,11,E
esc_ja4865aa_as,292,11,E
esc_ja4867aa_as,295,11,E
esc_ja5050aa_as,295,11,E
esc_ja5051aa_as,293,11,E
esc_ja5052aa_as,294,11,E
esc_ja5058aa_as,292,5560,E
esc_ja5063aa_as,295,11,E
esc_ja5066aa_as,295,11,E
esc_ja5067aa_as,293,11,E
esc_ja5069aa_as,295,11,E
esc_ja5071aa_as,291,11,E
esc_ja5079aa_as,293,11,E
esc_ja5084aa_as,292,11,E
esc_ja5085aa_as,292,11,E
esc_ja5087aa_as,296,11,E
esc_ja5089aa_as,295,11,E
esc_ja5093aa_as,294,11,E
esc_ja5096aa_as,294,11,E
esc_ja5097aa_as,293,11,E
esc_ja5099aa_as,293,11,E
esc_ja5101aa_as,291,11,E
esc_ja5102aa_as,294,11,E
esc_ja5109aa_as,294,11,E
esc_ja5116aa_as,293,11,E
esc_ja5117aa_as,291,11,E
esc_ja5118aa_as,297,11,E
esc_ja5119aa_as,293,11,E
esc_ja5121aa_as,293,11,E
esc_ja5122aa_as,293,11,E
esc_ja5125aa_as,291,11,E
esc_ja5129aa_as,295,11,E
esc_ja5135aa_as,293,11,E
esc_ja5137aa_as,294,11,E
esc_ja5275aa_as,295,11,E
esc_ja5276aa_as,295,11,E
esc_ja5278aa_as,298,11,E
esc_ja5280aa_as,294,11,E
esc_ja5282aa_as,291,11,E
esc_ja5283aa_as,295,11,E
esc_ja5292aa_as,295,11,E
esc_ja5295aa_as,294,11,E
esc_ja5297aa_as,294,11,E
esc_ja5392aa_as,294,11,E
esc_ja5393aa_as,293,11,E
esc_ja5400aa_as,298,11,E
esc_ja5403aa_as,293,11,E
esc_ja5412aa_as,292,11,E
esc_ja5415aa_as,292,11,E
esc_ja5416aa_as,294,11,E
esc_ja5417aa_as,293,11,E
esc_ja5419aa_as,295,11,E
esc_ja5420aa_as,295,11,E
esc_ja5465aa_as,294,1833,E
esc_ja5523aa_as,293,11,E
esc_ja5546aa_as,295,1833,E
esc_ja5568aa_as,297,11,E
esc_ja5570aa_as,293,11,E
esc_ja5572aa_as,295,11,E
esc_ja5591aa_as,293,11,E
esc_ja5592aa_as,297,11,E
esc_ja5595aa_as,291,11,E
esc_ja5602aa_as,295,1804,E
esc_ja7448aa_as,291,11,E
esc_ja7450aa_as,293,11,E
esc_ja7508aa_as,293,11,E
esc_ja7512aa_as,291,11,E
esc_ja7513aa_as,289,11,E
esc_ja7514aa_as,292,11,E
esc_ja7559aa_as,294,11,E
esc_ja7560aa_as,294,11,E
esc_ja7564aa_as,295,11,E
esc_ja7567aa_as,295,11,E
esc_ja7571aa_as,293,11,E
esc_ja7574aa_as,295,11,E
esc_ja7578aa_as,297,11,E
esc_ja7580aa_as,293,11,E
esc_ja7581aa_as,298,11,E
esc_ja7583aa_as,293,11,E
esc_ja7586aa_as,296,1833,E
esc_ja7587aa_as,294,11,E
esc_ja7588aa_as,293,11,E
esc_ja7593aa_as,292,11,E
esc_ja7597aa_as,294,11,E
esc_ja7598aa_as,294,11,E
esc_ja7599aa_as,292,11,E
esc_ja7626aa_as,294,11,E
esc_ja7627aa_as,290,11,E
esc_ja7630aa_as,291,11,E
esc_ja7635aa_as,293,11,E
esc_ja7638aa_as,295,11,E
esc_ja7643aa_as,294,11,E
esc_ja7644aa_as,293,11,E
esc_ja7646aa_as,290,11,E
esc_ja7649aa_as,295,11,E
esc_ja7650aa_as,295,11,E
esc_ja7652aa_as,294,11,E
esc_ja7653aa_as,291,11,E
esc_ja7655aa_as,293,11,E
esc_ja7657aa_as,293,11,E
esc_ja7659aa_as,293,11,E
esc_ja7660aa_as,292,7005,E
esc_ja7686aa_as,295,11,E
esc_ja7722aa_as,289,11,E
esc_ja7723aa_as,292,11,E
esc_ja7726aa_as,294,7007,E
esc_ja7738aa_as,291,11,E
esc_ja7745aa_as,292,11,E
esc_ja7750aa_as,293,11,E
esc_ja7782aa_as,296,11,E
esc_ja7784aa_as,297,11,E
esc_ja7788aa_as,294,7006,E
esc_ja7789aa_as,300,11,E
esc_ja7796aa_as,290,11,E
esc_ja7802aa_as,292,11,E
esc_ja7812aa_as,293,11,E
esc_ja7820aa_as,291,11,E
esc_ja7870aa_as,294,11,E
esc_ja7872aa_as,296,11,E
esc_ja7873aa_as,296,11,E
esc_ja7874aa_as,293,11,E
esc_ja7875aa_as,294,11,E
esc_ja7880aa_as,293,11,E
esc_ja7881aa_as,292,11,E
esc_ja7888aa_as,292,11,E
esc_ja7894aa_as,295,11,E
esc_ja7897aa_as,294,11,E
esc_ja7911aa_as,297,11,E
esc_ja7932aa_as,293,11,E
esc_ja7955aa_as,296,11,E
esc_ja7958aa_as,296,11,E
esc_ja7979aa_as,295,11,E
esc_ja7980aa_as,294,1804,E
esc_ja8000aa_as,293,11,E
esc_ja8016aa_as,294,1833,E
esc_ja8030aa_as,294,11,E
esc_ja8035aa_as,294,11,E
esc_ja8036aa_as,294,7007,E
esc_ja8045aa_as,292,11,E
esc_ja8064aa_as,295,11,E
esc_ja8107aa_as,293,11,E
esc_ja8131aa_as,293,11,E
esc_ja8152aa_as,293,11,E
esc_ja8155aa_as,294,11,E
esc_ja8221aa_as,292,11,E
esc_ja8271aa_as,296,11,E
esc_ja8281aa_as,292,11,E
esc_ja8300aa_as,293,11,E
esc_ja8318aa_as,296,11,E
esc_ja8321aa_as,293,11,E
esc_ja8323aa_as,297,11,E
esc_ja8347aa_as,293,11,E
esc_ja8351aa_as,293,11,E
esc_ja8391aa_as,292,11,E
esc_ja8392aa_as,296,11,E
esc_ja8394aa_as,293,11,E
esc_ja8398aa_as,296,11,E
esc_ja8405aa_as,291,11,E
esc_ja8432aa_as,294,11,E
esc_ja8458aa_as,287,11,E
esc_ja8471aa_as,290,11,E
esc_ja8473aa_as,294,11,E
esc_ja8477aa_as,296,11,E
esc_ja8484aa_as,297,11,E
esc_ja8533aa_as,293,11,E
esc_ja8550aa_as,294,11,E
esc_ja8683aa_as,293,11,E
esc_ja8745aa_as,292,11,E
esc_ja8748aa_as,293,11,E
esc_ja8831aa_as,295,11,E
esc_ja8832aa_as,293,11,E
esc_ja8834aa_as,293,11,E
esc_ja8924aa_as,290,11,E
esc_ja8930aa_as,292,11,E
esc_ja8935aa_as,294,11,E
esc_ja8943aa_as,294,11,E
esc_ja8980aa_as,294,11,E
esc_ja8981aa_as,292,11,E
esc_ja8989aa_as,293,11,E
esc_ja9009aa_as,293,11,E
esc_ja9012aa_as,295,11,E
esc_ja9017aa_as,295,11,E
esc_ja9021aa_as,294,11,E
esc_ja9026aa_as,294,11,E
esc_ja9062aa_as,293,11,E
esc_ja9083aa_as,297,11,E
esc_ja9087aa_as,295,11,E
esc_ja9173aa_as,293,11,E
esc_ja9180aa_as,291,11,E
esc_ja9220aa_as,293,11,E
esc_ja9233aa_as,294,11,E
esc_ja9240aa_as,287,11,E
esc_ja9254aa_as,292,11,E
esc_ja9282aa_as,293,11,E
esc_ja9283aa_as,291,6667,E
esc_ja9295aa_as,291,11,E
esc_ja9299aa_as,293,11,E
esc_ja9303aa_as,294,11,E
esc_ja9323aa_as,291,11,E
esc_ja9328aa_as,294,11,E
esc_ja9329aa_as,294,2966,E
esc_ja9335aa_as,295,11,E
esc_ja9371aa_as,292,11,E
esc_ja9375aa_as,293,11,E
esc_ja9376aa_as,296,11,E
esc_ja9381aa_as,295,2966,E
esc_ja9419aa_as,295,11,E
esc_ja9422aa_as,294,11,E
esc_ja9430aa_as,292,11,E
esc_ja9436aa_as,296,11,E
esc_ja9437aa_as,291,11,E
esc_ja9460aa_as,295,11,E
esc_ja9469aa_as,290,11,E
esc_ja9472aa_as,291,11,E
esc_ka0495aa_as,294,11,E
esc_ka0515aa_as,293,11,E
esc_ka0519aa_as,288,11,E
esc_ka0672aa_as,292,11,E
esc_ka0686aa_as,292,11,E
esc_ka0695aa_as,292,11,E
esc_ka0745aa_as,296,11,E
esc_ka1168aa_as,293,11,E
esc_ka1177aa_as,292,11,E
esc_ka1210aa_as,293,1595,E
esc_ka1218aa_as,290,11,E
esc_ka1221aa_as,293,11,E
esc_ka1227aa_as,291,11,E
esc_ka1232aa_as,292,11,E
esc_ka1289aa_as,290,11,E
esc_ka1290aa_as,293,11,E
esc_ka1344aa_as,296,11,E
esc_ka1346aa_as,292,11,E
esc_ka1432aa_as,291,11,E
esc_ka1582aa_as,296,11,E
esc_ka1583aa_as,292,11,E
esc_ka1933aa_as,294,11,E
esc_ka1994aa_as,290,11,E
esc_ka1996aa_as,295,11,E
esc_ka1997aa_as,294,11,E
esc_ka2004aa_as,296,11,E
esc_ka2148aa_as,294,11,E
esc_ka2150aa_as,295,11,E
esc_ka2161aa_as,297,11,E
esc_ka2162aa_as,295,11,E
esc_ka2164aa_as,292,11,E
esc_ka2166aa_as,295,11,E
esc_ka2181aa_as,292,11,E
esc_ka2185aa_as,297,11,E
esc_ka2190aa_as,293,7005,E
esc_ka2199aa_as,293,11,E
esc_ka2200aa_as,297,11,E
esc_ka3815aa_as,293,11,E
esc_ka3816aa_as,294,11,E
esc_ka3819aa_as,296,11,E
esc_ka3822aa_as,293,11,E
esc_ka3824aa_as,291,11,E
esc_ka3825aa_as,293,11,E
esc_ka3826aa_as,291,11,E
esc_ka3830aa_as,293,11,E
esc_ka3831aa_as,297,11,E
esc_ka3834aa_as,294,11,E
esc_ka3836aa_as,297,11,E
esc_ka3837aa_as,299,11,E
esc_ka3844aa_as,298,11,E
esc_ka3847aa_as,293,11,E
esc_ka3851aa_as,293,11,E
esc_ka3856aa_as,295,11,E
esc_ka3861aa_as,293,11,E
esc_ka3865aa_as,293,11,E
esc_ka3868aa_as,292,11,E
esc_ka3871aa_as,293,11,E
esc_ka3873aa_as,295,11,E
esc_ka3895aa_as,293,11,E
esc_ka3912aa_as,293,11,E
esc_ka3922aa_as,295,11,E
esc_ka3923aa_as,296,11,E
esc_ka3925aa_as,295,11,E
esc_ka3926aa_as,297,11,E
esc_ka3929aa_as,294,11,E
esc_ka3933aa_as,299,11,E
esc_ka3936aa_as,293,11,E
esc_ka3938aa_as,296,11,E
esc_ka3940aa_as,293,11,E
esc_ka3947aa_as,293,11,E
esc_ka3951aa_as,295,11,E
esc_ka3952aa_as,292,11,E
esc_ka3955aa_as,295,2966,E
esc_ka3957aa_as,294,11,E
esc_ka3958aa_as,296,11,E
esc_ka3965aa_as,295,11,E
esc_ka4251aa_as,299,11,E
esc_ka4261aa_as,294,11,E
esc_ka4578aa_as,292,11,E
esc_ka4586aa_as,293,11,E
esc_ka4588aa_as,293,11,E
esc_ka5246aa_as,294,11,E
esc_ka5253aa_as,296,11,E
esc_ka5266aa_as,296,11,E
esc_ka5289aa_as,292,11,E
esc_ka5292aa_as,292,11,E
esc_ka5294aa_as,290,11,E
esc_ka5585aa_as,293,11,E
esc_ka5588aa_as,292,11,E
esc_ka5590aa_as,295,11,E
esc_ka5593aa_as,293,11,E
esc_ka5595aa_as,297,11,E
esc_ka5597aa_as,293,11,E
esc_ka5621aa_as,292,11,E
esc_ka6745aa_as,295,11,E
esc_ka6747aa_as,295,11,E
esc_ka6748aa_as,290,11,E
esc_ka6751aa_as,294,2966,E
esc_ka6752aa_as,287,11,E
esc_ka6753aa_as,292,11,E
esc_ka6754aa_as,293,11,E
esc_ka6759aa_as,293,11,E
esc_ka6763aa_as,292,11,E
esc_ka6765aa_as,295,11,E
esc_ka6766aa_as,293,11,E
esc_ka6769aa_as,296,11,E
esc_ka6770aa_as,291,11,E
esc_ka6855aa_as,292,11,E
esc_ka6857aa_as,292,11,E
esc_ka6858aa_as,291,11,E
esc_ka6862aa_as,293,11,E
esc_ka6863aa_as,289,11,E
esc_la4413aa_as,284,11,E
esc_la4414aa_as,294,11,E
esc_la4419aa_as,296,11,E
esc_la4423aa_as,292,11,E
esc_la4424aa_as,295,11,E
esc_la4425aa_as,294,2966,E
esc_la4431aa_as,298,11,E
esc_la4432aa_as,298,11,E
esc_la4736aa_as,299,11,E
esc_la4762aa_as,296,11,E
esc_la4764aa_as,296,11,E
esc_la5457aa_as,297,7252,E
esc_la5461aa_as,296,11,E
esc_la5462aa_as,296,11,E
esc_la5463aa_as,296,11,E
esc_la5464aa_as,297,11,E
esc_la5465aa_as,297,7252,E
esc_la5466aa_as,296,11,E
esc_la5639aa_as,294,11,E
esc_la5640aa_as,298,11,E
esc_la5644aa_as,296,11,E
esc_la5645aa_as,295,11,E
esc_la5647aa_as,295,11,E
esc_la5648aa_as,295,11,E
esc_la5649aa_as,296,11,E
esc_la5805aa_as,294,11,E
esc_la6588aa_as,295,11,E
esc_la6589aa_as,295,11,E
esc_la6590aa_as,294,11,E
esc_la6591aa_as,295,11,E
esc_ma3109aa_as,297,11,E
esc_na8699aa_as,297,11,E
esc_na8701aa_as,301,11,E
esc_na9219aa_as,293,11,E
esc_na9220aa_as,296,11,E
esc_na9221aa_as,293,11,E
esc_oa1383aa_as,293,11,E
esc_oa1446aa_as,293,11,E
esc_oa1529aa_as,295,11,E
esc_pa0769aa_as,295,11,E
esc_pa0773aa_as,297,11,E
esc_pa0775aa_as,293,11,E
esc_pa1830aa_as,291,11,E
esc_pa1989aa_as,295,11,E
esc_pa2031aa_as,296,11,E
esc_pa2490aa_as,292,11,E
esc_pa2491aa_as,296,11,E
esc_pa2492aa_as,292,11,E
esc_pa2493aa_as,295,11,E
esc_pa2494aa_as,296,1804,E
esc_pa2495aa_as,291,11,E
esc_pa2496aa_as,292,11,E
esc_pa2497aa_as,297,11,E
esc_pa2498aa_as,295,11,E
esc_pa2501aa_as,291,11,E
esc_pa2502aa_as,289,11,E
esc_pa2503aa_as,296,11,E
esc_pa2504aa_as,296,11,E
esc_pa2505aa_as,293,11,E
esc_pa2506aa_as,295,11,E
esc_pa2508aa_as,296,11,E
esc_pa2509aa_as,297,11,E
esc_pa2513aa_as,292,11,E
esc_pa2514aa_as,296,11,E
esc_pa2515aa_as,293,11,E
esc_pa2516aa_as,291,11,E
esc_pa2518aa_as,298,11,E
esc_pa2519aa_as,290,11,E
esc_pa2520aa_as,291,11,E
esc_pa2521aa_as,297,11,E
esc_pa2522aa_as,293,11,E
esc_pa2523aa_as,295,11,E
esc_pa2525aa_as,296,11,E
esc_pa2526aa_as,292,11,E
esc_pa2527aa_as,291,11,E
esc_pa2528aa_as,291,11,E
esc_pa2529aa_as,292,11,E
esc_pa2530aa_as,292,11,E
esc_pa2531aa_as,297,11,E
esc_pa2532aa_as,296,11,E
esc_pa2534aa_as,292,11,E
esc_pa2535aa_as,293,1804,E
esc_pa2536aa_as,291,11,E
esc_pa2538aa_as,294,11,E
esc_pa2539aa_as,297,11,E
esc_pa2540aa_as,292,11,E
esc_pa2541aa_as,294,1833,E
esc_pa2542aa_as,290,11,E
esc_pa2544aa_as,292,11,E
esc_pa2685aa_as,295,11,E
esc_pa2686aa_as,293,11,E
esc_pa4866aa_as,292,11,E
esc_pa4869aa_as,294,11,E
esc_pa4870aa_as,294,7028,E
esc_pa4873aa_as,292,11,E
esc_pa4874aa_as,292,11,E
esc_pa4875aa_as,290,11,E
esc_pa4876aa_as,293,11,E
esc_pa4878aa_as,295,11,E
esc_pa4879aa_as,294,1833,E
esc_pa4883aa_as,293,11,E
esc_pa4884aa_as,292,11,E
esc_pa4887aa_as,291,11,E
esc_pa4888aa_as,293,11,E
esc_pa4890aa_as,296,11,E
esc_pa4891aa_as,300,11,E
esc_pa4892aa_as,294,11,E
esc_pa4895aa_as,297,11,E
esc_pa4899aa_as,295,11,E
esc_pa4900aa_as,295,11,E
esc_pa4901aa_as,294,11,E
esc_pa4902aa_as,295,11,E
esc_pa4903aa_as,292,11,E
esc_pa4904aa_as,295,11,E
esc_pa4905aa_as,295,11,E
esc_pa4906aa_as,293,11,E
esc_pa4908aa_as,295,11,E
esc_pa4910aa_as,295,11,E
esc_pa4911aa_as,288,11,E
esc_pa4912aa_as,295,11,E
esc_pa4913aa_as,295,11,E
esc_pa4914aa_as,292,11,E
esc_pa4915aa_as,295,11,E
esc_pa4917aa_as,293,11,E
esc_pa4918aa_as,295,11,E
esc_pa4919aa_as,294,11,E
esc_pa4921aa_as,294,11,E
esc_pa4922aa_as,295,11,E
esc_pa4923aa_as,295,11,E
esc_pa4924aa_as,296,11,E
esc_pa4925aa_as,295,11,E
esc_pa4926aa_as,295,11,E
esc_pa4927aa_as,299,11,E
esc_pa4928aa_as,294,11,E
esc_pa4929aa_as,295,11,E
esc_pa4930aa_as,293,11,E
esc_pa4931aa_as,291,11,E
esc_pa4932aa_as,296,11,E
esc_pa4934aa_as,295,11,E
esc_pa4935aa_as,293,11,E
esc_pa4936aa_as,292,11,E
esc_pa4937aa_as,292,11,E
esc_pa4939aa_as,295,11,E
esc_pa4940aa_as,295,11,E
esc_pa4941aa_as,293,11,E
esc_pa4942aa_as,293,11,E
esc_pa4944aa_as,295,11,E
esc_pa4946aa_as,295,11,E
esc_pa4948aa_as,292,11,E
esc_pa4949aa_as,292,11,E
esc_pa4950aa_as,295,11,E
esc_pa4951aa_as,293,11,E
esc_pa4954aa_as,301,11,E
esc_pa4955aa_as,295,11,E
esc_pa4956aa_as,292,11,E
esc_pa4958aa_as,292,11,E
esc_pa4959aa_as,292,11,E
esc_pa4960aa_as,295,11,E
esc_pa4989aa_as,295,11,E
esc_pa5038aa_as,292,11,E
esc_pa5039aa_as,292,11,E
esc_pa5040aa_as,292,11,E
esc_pa5041aa_as,290,11,E
esc_pa5042aa_as,293,11,E
esc_pa5043aa_as,292,11,E
esc_pa5044aa_as,294,11,E
esc_pa5045aa_as,290,11,E
esc_pa5046aa_as,294,11,E
esc_pa5047aa_as,295,11,E
esc_pa5048aa_as,293,11,E
esc_pa5049aa_as,291,11,E
esc_pa5050aa_as,292,11,E
esc_pa5051aa_as,297,11,E
esc_pa5052aa_as,294,11,E
esc_pa5053aa_as,292,11,E
esc_pa5055aa_as,294,11,E
esc_pa5057aa_as,291,11,E
esc_pa5058aa_as,292,11,E
esc_pa5059aa_as,292,11,E
esc_pa5060aa_as,293,11,E
esc_pa5061aa_as,292,11,E
esc_pa5062aa_as,291,11,E
esc_pa5063aa_as,292,11,E
esc_pa5064aa_as,297,11,E
esc_pa5065aa_as,295,1804,E
esc_pa5066aa_as,292,11,E
esc_pa5067aa_as,292,11,E
esc_pa5068aa_as,288,11,E
esc_pa5069aa_as,292,11,E
esc_pa5070aa_as,291,11,E
esc_pa5071aa_as,291,11,E
esc_pa5072aa_as,292,11,E
esc_pa5073aa_as,297,11,E
esc_pa5074aa_as,291,11,E
esc_pa5075aa_as,292,11,E
esc_pa5076aa_as,294,11,E
esc_pa5077aa_as,295,11,E
esc_pa5078aa_as,292,11,E
esc_pa5079aa_as,293,11,E
esc_pa5080aa_as,291,11,E
esc_pa5081aa_as,292,11,E
esc_pa5082aa_as,288,11,E
esc_pa5083aa_as,291,11,E
esc_pa5084aa_as,290,11,E
esc_pa5085aa_as,297,11,E
esc_pa5086aa_as,291,11,E
esc_pa5087aa_as,295,11,E
esc_pa5088aa_as,293,11,E
esc_pa5089aa_as,292,11,E
esc_pa5090aa_as,292,11,E
esc_pa5091aa_as,291,11,E
esc_pa5092aa_as,292,11,E
esc_pa5093aa_as,291,11,E
esc_pa5094aa_as,292,11,E
esc_pa5095aa_as,299,11,E
esc_pa5096aa_as,293,11,E
esc_pa5097aa_as,292,11,E
esc_pa5098aa_as,297,11,E
esc_pa5099aa_as,292,11,E
esc_pa5100aa_as,292,11,E
esc_pa5101aa_as,297,11,E
esc_pa5102aa_as,299,11,E
esc_pa5103aa_as,290,11,E
esc_pa5104aa_as,294,11,E
esc_pa5105aa_as,297,11,E
esc_pa5106aa_as,292,11,E
esc_pa5107aa_as,292,11,E
esc_pa5108aa_as,292,11,E
esc_pa5109aa_as,295,11,E
esc_pa5110aa_as,292,11,E
esc_pa5111aa_as,297,11,E
esc_pa5112aa_as,292,11,E
esc_pa5113aa_as,294,11,E
esc_pa5114aa_as,291,11,E
esc_pa5115aa_as,294,11,E
esc_pa5116aa_as,297,11,E
esc_pa5117aa_as,293,11,E
esc_pa5118aa_as,290,11,E
esc_pa5119aa_as,290,11,E
esc_pa5120aa_as,297,11,E
esc_pa5121aa_as,291,11,E
esc_pa5122aa_as,289,11,E
esc_pa5123aa_as,288,11,E
esc_pa5124aa_as,293,11,E
esc_pa5125aa_as,294,11,E
esc_pa5126aa_as,295,11,E
esc_pa5127aa_as,291,11,E
esc_pa5128aa_as,297,11,E
esc_pa5130aa_as,297,11,E
esc_pa5131aa_as,291,11,E
esc_pa5132aa_as,293,11,E
esc_pa5133aa_as,287,11,E
esc_pa5134aa_as,288,11,E
esc_pa5135aa_as,291,11,E
esc_pa5136aa_as,292,11,E
esc_pa5137aa_as,294,11,E
esc_pa5138aa_as,288,11,E
esc_pa5139aa_as,289,11,E
esc_pa5140aa_as,294,11,E
esc_pa5141aa_as,290,11,E
esc_pa5142aa_as,293,11,E
esc_pa5143aa_as,292,11,E
esc_pa5144aa_as,296,11,E
esc_pa5145aa_as,292,11,E
esc_pa5146aa_as,292,11,E
esc_pa5147aa_as,294,11,E
esc_pa5148aa_as,293,11,E
esc_pa5149aa_as,290,11,E
esc_pa5150aa_as,296,11,E
esc_pa5151aa_as,290,11,E
esc_pa5152aa_as,295,11,E
esc_pa5153aa_as,292,11,E
esc_pa5154aa_as,293,11,E
esc_pa5155aa_as,295,11,E
esc_pa5156aa_as,292,11,E
esc_pa5157aa_as,290,11,E
esc_pa5158aa_as,292,11,E
esc_pa5159aa_as,293,11,E
esc_pa5160aa_as,291,11,E
esc_pa5161aa_as,291,11,E
esc_pa5162aa_as,288,11,E
esc_pa5163aa_as,290,11,E
esc_pa5164aa_as,294,11,E
esc_pa5165aa_as,292,11,E
esc_pa5166aa_as,290,11,E
esc_pa5167aa_as,295,11,E
esc_pa5168aa_as,293,11,E
esc_pa5169aa_as,292,11,E
esc_pa5171aa_as,290,11,E
esc_pa5172aa_as,290,11,E
esc_pa5173aa_as,290,11,E
esc_pa5174aa_as,296,11,E
esc_pa5175aa_as,290,11,E
esc_pa5176aa_as,290,11,E
esc_pa5177aa_as,293,11,E
esc_pa5178aa_as,296,11,E
esc_pa5179aa_as,290,11,E
esc_pa5180aa_as,292,11,E
esc_pa5181aa_as,291,11,E
esc_pa5182aa_as,292,11,E
esc_pa5183aa_as,293,11,E
esc_pa5184aa_as,290,11,E
esc_pa5185aa_as,293,11,E
esc_pa5186aa_as,295,11,E
esc_pa5187aa_as,292,11,E
esc_pa5188aa_as,290,11,E
esc_pa5189aa_as,292,11,E
esc_pa5190aa_as,291,11,E
esc_pa5191aa_as,296,11,E
esc_pa5192aa_as,291,11,E
esc_pa5193aa_as,292,11,E
esc_pa5194aa_as,292,11,E
esc_pa5196aa_as,291,11,E
esc_pa5197aa_as,291,11,E
esc_pa5198aa_as,291,11,E
esc_pa5199aa_as,296,11,E
esc_pa5200aa_as,290,11,E
esc_pa5201aa_as,289,11,E
esc_pa5202aa_as,288,11,E
esc_pa5203aa_as,292,11,E
esc_pa5204aa_as,292,11,E
esc_pa5205aa_as,294,11,E
esc_pa5206aa_as,294,11,E
esc_pa5207aa_as,295,11,E
esc_pa5208aa_as,292,11,E
esc_pa5210aa_as,292,11,E
esc_pa5211aa_as,294,11,E
esc_pa5212aa_as,291,11,E
esc_pa5213aa_as,290,11,E
esc_pa5214aa_as,291,11,E
esc_pa5215aa_as,291,11,E
esc_pa5217aa_as,292,11,E
esc_pa5218aa_as,292,11,E
esc_pa5219aa_as,290,11,E
esc_pa5220aa_as,294,11,E
esc_pa5221aa_as,295,11,E
esc_pa5222aa_as,295,1833,E
esc_pa5223aa_as,294,11,E
esc_pa5225aa_as,290,11,E
esc_pa5226aa_as,294,11,E
esc_pa5228aa_as,296,11,E
esc_pa5229aa_as,294,11,E
esc_pa5230aa_as,291,11,E
esc_pa5231aa_as,297,11,E
esc_pa5232aa_as,296,1804,E
esc_pa5233aa_as,295,11,E
esc_pa5234aa_as,296,11,E
esc_pa5235aa_as,291,11,E
esc_pa5236aa_as,290,11,E
esc_pa5237aa_as,292,11,E
esc_pa5238aa_as,293,11,E
esc_pa5239aa_as,296,11,E
esc_pa5240aa_as,292,11,E
esc_pa5241aa_as,295,11,E
esc_pa5243aa_as,294,11,E
esc_pa5244aa_as,294,11,E
esc_pa5245aa_as,293,11,E
esc_pa5246aa_as,300,11,E
esc_pa5247aa_as,294,11,E
esc_pa5250aa_as,291,11,E
esc_pa5251aa_as,295,11,E
esc_pa5252aa_as,267,11,E
esc_pa5253aa_as,294,11,E
esc_pa5255aa_as,290,11,E
esc_pa5256aa_as,291,11,E
esc_pa5257aa_as,295,11,E
esc_pa5258aa_as,293,11,E
esc_pa5259aa_as,292,11,E
esc_pa5260aa_as,292,11,E
esc_pa5261aa_as,293,11,E
esc_pa5262aa_as,293,11,E
esc_pa5263aa_as,297,11,E
esc_pa5264aa_as,292,11,E
esc_pa5265aa_as,293,11,E
esc_pa5266aa_as,292,11,E
esc_pa5267aa_as,292,11,E
esc_pa5268aa_as,293,11,E
esc_pa5269aa_as,292,11,E
esc_pa5270aa_as,291,11,E
esc_pa5271aa_as,293,11,E
esc_pa5272aa_as,296,1833,E
esc_pa5273aa_as,286,11,E
esc_pa5275aa_as,289,11,E
esc_pa5276aa_as,296,11,E
esc_pa5277aa_as,296,11,E
esc_pa5278aa_as,292,11,E
esc_pa5279aa_as,296,11,E
esc_pa5280aa_as,295,11,E
esc_pa5281aa_as,295,11,E
esc_pa5282aa_as,295,11,E
esc_pa5284aa_as,294,11,E
esc_pa5286aa_as,296,11,E
esc_pa5288aa_as,295,11,E
esc_pa5290aa_as,276,11,E
esc_pa5291aa_as,295,11,E
esc_pa5292aa_as,293,11,E
esc_pa5296aa_as,287,11,E
esc_pa5297aa_as,291,11,E
esc_pa5298aa_as,295,11,E
esc_pa5300aa_as,296,11,E
esc_pa5302aa_as,294,11,E
esc_pa5304aa_as,294,1833,E
esc_pa5306aa_as,295,11,E
esc_pa5307aa_as,295,11,E
esc_pa5308aa_as,292,11,E
esc_pa5310aa_as,293,11,E
esc_pa5311aa_as,296,1833,E
esc_pa5314aa_as,296,11,E
esc_pa5315aa_as,299,11,E
esc_pa5316aa_as,296,11,E
esc_pa5317aa_as,290,11,E
esc_pa5318aa_as,292,11,E
esc_pa5319aa_as,296,11,E
esc_pa5320aa_as,295,11,E
esc_pa5321aa_as,296,11,E
esc_pa5323aa_as,295,11,E
esc_pa5324aa_as,292,11,E
esc_pa5326aa_as,295,11,E
esc_pa5327aa_as,283,11,E
esc_pa5329aa_as,294,11,E
esc_pa5333aa_as,295,11,E
esc_pa5334aa_as,295,11,E
esc_pa5337aa_as,296,11,E
esc_pa5339aa_as,296,11,E
esc_pa5343aa_as,296,11,E
esc_pa5344aa_as,294,11,E
esc_pa5346aa_as,277,11,E
esc_pa5347aa_as,293,11,E
esc_pa5348aa_as,267,11,E
esc_pa5349aa_as,294,11,E
esc_pa5351aa_as,296,11,E
esc_pa5352aa_as,272,11,E
esc_pa5354aa_as,296,11,E
esc_pa5357aa_as,296,11,E
esc_pa5358aa_as,296,11,E
esc_pa5359aa_as,291,11,E
esc_pa5360aa_as,296,11,E
esc_pa5363aa_as,292,11,E
esc_pa5368aa_as,294,11,E
esc_pa5370aa_as,292,11,E
esc_pa5371aa_as,293,11,E
esc_pa5372aa_as,296,11,E
esc_pa5373aa_as,297,11,E
esc_pa5374aa_as,297,11,E
esc_pa5375aa_as,293,11,E
esc_pa5376aa_as,295,11,E
esc_pa5377aa_as,297,11,E
esc_pa5378aa_as,291,11,E
esc_pa5380aa_as,298,11,E
esc_pa5381aa_as,291,11,E
esc_pa5383aa_as,292,11,E
esc_pa5384aa_as,296,11,E
esc_pa5386aa_as,296,11,E
esc_pa5388aa_as,294,11,E
esc_pa5389aa_as,292,11,E
esc_pa5390aa_as,294,11,E
esc_pa5391aa_as,300,11,E
esc_pa5392aa_as,292,11,E
esc_pa5393aa_as,294,11,E
esc_pa5394aa_as,293,11,E
esc_pa5395aa_as,292,11,E
esc_pa5396aa_as,292,11,E
esc_pa5397aa_as,292,11,E
esc_pa5398aa_as,292,11,E
esc_pa5399aa_as,296,7653,E
esc_pa5400aa_as,295,11,E
esc_pa5401aa_as,290,11,E
esc_pa5402aa_as,293,11,E
esc_pa5403aa_as,297,11,E
esc_pa5404aa_as,292,11,E
esc_pa5405aa_as,268,11,E
esc_pa5406aa_as,295,11,E
esc_pa5407aa_as,295,7653,E
esc_pa5408aa_as,295,11,E
esc_pa5409aa_as,292,11,E
esc_pa5410aa_as,294,11,E
esc_pa5411aa_as,292,11,E
esc_pa5414aa_as,293,11,E
esc_pa5416aa_as,292,11,E
esc_pa5417aa_as,291,11,E
esc_pa5418aa_as,291,11,E
esc_pa5419aa_as,297,11,E
esc_pa5421aa_as,295,11,E
esc_pa5422aa_as,293,11,E
esc_pa5423aa_as,295,11,E
esc_pa5424aa_as,289,11,E
esc_pa5428aa_as,292,11,E
esc_pa5429aa_as,289,11,E
esc_pa5430aa_as,293,11,E
esc_pa5432aa_as,290,11,E
esc_pa5433aa_as,292,11,E
esc_pa5434aa_as,293,11,E
esc_pa5435aa_as,294,11,E
esc_pa5436aa_as,293,11,E
esc_pa5437aa_as,292,11,E
esc_pa5438aa_as,294,11,E
esc_pa5439aa_as,292,11,E
esc_pa5441aa_as,293,11,E
esc_pa5445aa_as,294,11,E
esc_pa5446aa_as,292,11,E
esc_pa5447aa_as,292,11,E
esc_pa5448aa_as,290,11,E
esc_pa5449aa_as,293,11,E
esc_pa5450aa_as,292,11,E
esc_pa5451aa_as,291,11,E
esc_pa5452aa_as,292,11,E
esc_pa5453aa_as,296,11,E
esc_pa5454aa_as,292,11,E
esc_pa5455aa_as,292,11,E
esc_pa5456aa_as,297,11,E
esc_pa5458aa_as,291,11,E
esc_pa5460aa_as,289,11,E
esc_pa5461aa_as,294,11,E
esc_pa5462aa_as,292,11,E
esc_pa5463aa_as,291,11,E
esc_pa5464aa_as,290,11,E
esc_pa5465aa_as,280,11,E
esc_pa5466aa_as,292,11,E
esc_pa5467aa_as,292,11,E
esc_pa5468aa_as,293,11,E
esc_pa5469aa_as,291,11,E
esc_pa5470aa_as,296,11,E
esc_pa5471aa_as,292,11,E
esc_pa5472aa_as,292,11,E
esc_pa5473aa_as,289,11,E
esc_pa5474aa_as,294,11,E
esc_pa5477aa_as,293,11,E
esc_pa5478aa_as,294,11,E
esc_pa5479aa_as,287,11,E
esc_pa5480aa_as,293,11,E
esc_pa5481aa_as,295,11,E
esc_pa5483aa_as,296,11,E
esc_pa5485aa_as,288,11,E
esc_pa5487aa_as,292,11,E
esc_pa5489aa_as,297,11,E
esc_pa5490aa_as,297,11,E
esc_pa5491aa_as,292,11,E
esc_pa5492aa_as,292,11,E
esc_pa5494aa_as,293,11,E
esc_pa5495aa_as,295,11,E
esc_pa5496aa_as,289,11,E
esc_pa5497aa_as,294,11,E
esc_pa5498aa_as,294,11,E
esc_pa5499aa_as,298,11,E
esc_pa5500aa_as,293,11,E
esc_pa5501aa_as,293,11,E
esc_pa5502aa_as,270,11,E
esc_pa5503aa_as,291,11,E
esc_pa5504aa_as,297,11,E
esc_pa5505aa_as,292,1804,E
esc_pa5506aa_as,292,11,E
esc_pa5508aa_as,275,11,E
esc_pa5509aa_as,292,11,E
esc_pa5510aa_as,292,11,E
esc_pa5511aa_as,294,11,E
esc_pa5512aa_as,295,11,E
esc_pa5513aa_as,292,11,E
esc_pa5514aa_as,291,11,E
esc_pa5515aa_as,296,11,E
esc_pa5517aa_as,294,1804,E
esc_pa5518aa_as,296,11,E
esc_pa5519aa_as,295,11,E
esc_pa5520aa_as,292,11,E
esc_pa5521aa_as,294,11,E
esc_pa5522aa_as,292,11,E
esc_pa5523aa_as,291,11,E
esc_pa5528aa_as,259,11,E
esc_pa5529aa_as,298,11,E
esc_pa5530aa_as,294,11,E
esc_pa5531aa_as,292,11,E
esc_pa5532aa_as,290,11,E
esc_pa5533aa_as,294,11,E
esc_pa5534aa_as,292,11,E
esc_pa5535aa_as,290,11,E
esc_pa5536aa_as,297,11,E
esc_pa5537aa_as,284,11,E
esc_pa5538aa_as,293,11,E
esc_pa5539aa_as,292,11,E
esc_pa5541aa_as,292,11,E
esc_pa5542aa_as,293,11,E
esc_pa5543aa_as,297,11,E
esc_pa5544aa_as,293,11,E
esc_pa5545aa_as,296,11,E
esc_pa5546aa_as,294,11,E
esc_pa5547aa_as,297,11,E
esc_pa5548aa_as,293,11,E
esc_pa5550aa_as,296,11,E
esc_pa5552aa_as,286,11,E
esc_pa5555aa_as,292,11,E
esc_pa5556aa_as,294,11,E
esc_pa5557aa_as,293,11,E
esc_pa5560aa_as,294,11,E
esc_pa5561aa_as,293,11,E
esc_pa5562aa_as,294,11,E
esc_pa5563aa_as,292,11,E
esc_pa5564aa_as,294,11,E
esc_pa5565aa_as,291,11,E
esc_pa5567aa_as,292,11,E
esc_pa5568aa_as,289,11,E
esc_pa5570aa_as,293,11,E
esc_pa5571aa_as,295,11,E
esc_pa5572aa_as,291,11,E
esc_pa5573aa_as,294,11,E
esc_pa5575aa_as,292,11,E
esc_pa5576aa_as,292,11,E
esc_pa5578aa_as,292,11,E
esc_pa5579aa_as,292,11,E
esc_pa5580aa_as,294,11,E
esc_pa5581aa_as,293,11,E
esc_pa5582aa_as,297,11,E
esc_pa5583aa_as,293,11,E
esc_pa5585aa_as,291,11,E
esc_pa5586aa_as,294,11,E
esc_pa5587aa_as,292,11,E
esc_pa5588aa_as,299,11,E
esc_pa5589aa_as,280,11,E
esc_pa5590aa_as,293,11,E
esc_pa5591aa_as,291,11,E
esc_pa5592aa_as,297,11,E
esc_pa5593aa_as,293,11,E
esc_pa5594aa_as,295,11,E
esc_pa5595aa_as,279,11,E
esc_pa5596aa_as,293,11,E
esc_pa5597aa_as,293,11,E
esc_pa5598aa_as,295,11,E
esc_pa5599aa_as,294,11,E
esc_pa5600aa_as,300,11,E
esc_pa5601aa_as,293,11,E
esc_pa5602aa_as,294,11,E
esc_pa5603aa_as,295,11,E
esc_pa5604aa_as,293,11,E
esc_pa5605aa_as,291,11,E
esc_pa5606aa_as,293,11,E
esc_pa5608aa_as,297,11,E
esc_pa5620aa_as,286,11,E
esc_pa7871aa_as,293,11,E
esc_pa7873aa_as,300,11,E
esc_pa7874aa_as,295,11,E
esc_pa7875aa_as,294,11,E
esc_pa7876aa_as,295,11,E
esc_pa7877aa_as,296,11,E
esc_pa7878aa_as,291,11,E
esc_pa7879aa_as,291,11,E
esc_pa7881aa_as,298,11,E
esc_pa7902aa_as,292,11,E
esc_pa7903aa_as,291,11,E
esc_pa7904aa_as,293,11,E
esc_pa7905aa_as,290,11,E
esc_pa7906aa_as,297,11,E
esc_pa7907aa_as,293,11,E
esc_pa7908aa_as,296,11,E
esc_pa7909aa_as,294,11,E
esc_pa7910aa_as,290,11,E
esc_pa7911aa_as,292,11,E
esc_pa7912aa_as,297,11,E
esc_pa7913aa_as,297,11,E
esc_pa7914aa_as,292,11,E
esc_pa7915aa_as,293,11,E
esc_pa7916aa_as,297,11,E
esc_pa7917aa_as,296,11,E
esc_pa7918aa_as,292,11,E
esc_pa7919aa_as,292,11,E
esc_pa7920aa_as,292,11,E
esc_pa7921aa_as,292,11,E
esc_pa7922aa_as,291,11,E
esc_pa7924aa_as,292,11,E
esc_pa7925aa_as,294,11,E
esc_pa7926aa_as,294,11,E
esc_pa7928aa_as,295,1833,E
esc_pa7929aa_as,289,11,E
esc_pa7930aa_as,292,11,E
esc_pa7933aa_as,297,11,E
esc_pa7936aa_as,292,11,E
esc_pa7937aa_as,294,11,E
esc_pa7938aa_as,290,11,E
esc_pa7939aa_as,295,11,E
esc_pa7940aa_as,294,11,E
esc_pa7942aa_as,293,11,E
esc_pa7943aa_as,294,11,E
esc_pa7944aa_as,297,11,E
esc_pa7948aa_as,293,11,E
esc_pa7949aa_as,295,11,E
esc_pa7953aa_as,294,11,E
esc_pa7954aa_as,295,11,E
esc_pa7955aa_as,293,11,E
esc_pa7957aa_as,295,11,E
esc_pa7959aa_as,290,11,E
esc_pa7960aa_as,298,11,E
esc_pa7961aa_as,293,11,E
esc_pa7962aa_as,294,11,E
esc_pa7964aa_as,294,11,E
esc_pa7966aa_as,293,11,E
esc_pa7967aa_as,292,11,E
esc_pa9396aa_as,296,11,E
esc_pa9398aa_as,295,11,E
esc_pa9654aa_as,297,11,E
esc_pa9692aa_as,296,11,E
esc_pa9835aa_as,295,11,E
esc_pa9836aa_as,294,11,E
esc_qa0045aa_as,297,11,E
esc_qa0068aa_as,291,11,E
esc_qa2079aa_as,295,11,E
esc_qa2081aa_as,295,11,E
esc_qa2083aa_as,292,11,E
esc_qa2084aa_as,294,11,E
esc_qa2085aa_as,296,11,E
esc_qa2086aa_as,294,11,E
esc_qa2087aa_as,294,11,E
esc_qa2109aa_as,296,11,E
esc_qa2124aa_as,296,11,E
esc_qa2146aa_as,296,11,E
esc_qa2180aa_as,296,11,E
esc_qa2200aa_as,295,11,E
esc_qa2314aa_as,292,11,E
esc_qa3465aa_as,295,11,E
esc_qa3477aa_as,293,11,E
esc_qa3483aa_as,296,11,E
esc_qa3611aa_as,296,11,E
esc_qa3615aa_as,301,11,E
esc_qa3617aa_as,301,11,E
esc_qa3618aa_as,300,11,E
esc_qa3621aa_as,299,11,E
esc_qa3622aa_as,300,11,E
esc_qa3631aa_as,301,11,E
esc_qa3632aa_as,295,11,E
esc_qa3732aa_as,296,11,E
esc_qa3733aa_as,295,11,E
esc_qa3736aa_as,296,11,E
esc_qa3737aa_as,299,11,E
esc_qa3738aa_as,301,11,E
esc_qa3913aa_as,295,11,E
esc_qa4368aa_as,298,11,E
esc_qa4388aa_as,295,11,E
esc_qa4805aa_as,296,11,E
esc_qa4806aa_as,296,11,E
esc_qa4809aa_as,296,11,E
esc_qa4810aa_as,296,11,E
esc_qa4811aa_as,294,11,E
esc_qa4812aa_as,295,11,E
esc_qa4815aa_as,296,11,E
esc_qa4816aa_as,295,11,E
esc_qa4817aa_as,296,11,E
esc_qa4818aa_as,296,11,E
esc_qa4819aa_as,296,11,E
esc_qa4820aa_as,295,11,E
esc_qa4951aa_as,295,11,E
esc_qa9811aa_as,294,11,E
esc_qa9936aa_as,299,11,E
esc_ra0279aa_as,299,11,E
esc_ra0280aa_as,298,11,E
esc_ra0281aa_as,298,11,E
esc_ra0289aa_as,288,11,E
esc_ra0291aa_as,298,11,E
esc_ra0292aa_as,297,11,E
esc_ra0293aa_as,299,11,E
esc_ra0294aa_as,298,11,E
esc_ra0295aa_as,298,11,E
esc_ra0297aa_as,298,11,E
esc_ra0300aa_as,298,11,E
esc_ra0301aa_as,297,11,E
esc_ra0302aa_as,297,11,E
esc_ra0305aa_as,299,11,E
esc_ra0307aa_as,300,11,E
esc_ra0308aa_as,294,11,E
esc_ra0311aa_as,301,11,E
esc_ra0316aa_as,299,11,E
esc_ra0319aa_as,300,11,E
esc_ra0718aa_as,299,11,E
esc_ra1233aa_as,296,11,E
esc_ra1236aa_as,302,11,E
esc_ra1599aa_as,293,11,E
esc_ra1601aa_as,293,11,E
esc_ra1602aa_as,293,11,E
esc_ra1603aa_as,293,11,E
esc_ra2318aa_as,296,11,E
esc_ra2324aa_as,298,11,E
esc_ra2380aa_as,296,11,E
esc_ra2562aa_as,294,11,E
esc_ra3355aa_as,290,11,E
esc_ra3571aa_as,297,11,E
esc_ra3587aa_as,295,11,E
esc_ra3590aa_as,294,11,E
esc_ra3591aa_as,293,11,E
esc_ra3597aa_as,295,11,E
esc_ra3602aa_as,299,11,E
esc_ra3604aa_as,289,11,E
esc_ra3622aa_as,296,11,E
esc_ra3696aa_as,296,11,E
esc_ra3700aa_as,296,11,E
esc_ra3702aa_as,296,11,E
esc_ra3703aa_as,296,11,E
esc_ra3704aa_as,294,11,E
esc_ra3705aa_as,296,11,E
esc_ra3707aa_as,296,11,E
esc_ra3708aa_as,296,11,E
esc_ra3710aa_as,295,11,E
esc_ra3711aa_as,295,11,E
esc_ra3714aa_as,296,11,E
esc_ra3718aa_as,296,11,E
esc_ra3720aa_as,293,11,E
esc_ra3728aa_as,295,11,E
esc_ra3729aa_as,296,11,E
esc_ra3730aa_as,295,11,E
esc_ra4410aa_as,294,11,E
esc_ra4417aa_as,295,11,E
esc_ra4418aa_as,295,11,E
esc_ra4419aa_as,295,11,E
esc_ra4422aa_as,295,11,E
esc_ra4423aa_as,296,11,E
esc_ra5219aa_as,295,11,E
esc_ra6397aa_as,291,11,E
esc_ra7009aa_as,298,11,E
esc_ra7068aa_as,296,11,E
esc_ra7072aa_as,298,11,E
esc_ra7075aa_as,297,11,E
esc_ra7076aa_as,294,11,E
esc_ra7079aa_as,297,11,E
esc_ra7080aa_as,297,11,E
esc_ra7083aa_as,297,11,E
esc_ra7085aa_as,296,11,E
esc_ra7087aa_as,298,11,E
esc_ra7088aa_as,296,11,E
esc_ra7091aa_as,296,11,E
esc_ra7092aa_as,297,11,E
esc_ra7256aa_as,296,7653,E
esc_ra7258aa_as,298,11,E
esc_ra7268aa_as,297,11,E
esc_ra7276aa_as,296,11,E
esc_ra7277aa_as,297,11,E
esc_ra7280aa_as,297,11,E
esc_ra7281aa_as,297,11,E
esc_ra7285aa_as,296,11,E
esc_ra7286aa_as,296,11,E
esc_ra7287aa_as,297,11,E
esc_ra7288aa_as,297,11,E
esc_ra7761aa_as,299,11,E
esc_ra7762aa_as,296,11,E
esc_ra7763aa_as,297,11,E
esc_ra7765aa_as,297,11,E
esc_ra7766aa_as,296,11,E
esc_ra8116aa_as,293,11,E
esc_ra8124aa_as,293,11,E
esc_ra8127aa_as,293,11,E
esc_ra8128aa_as,293,11,E
esc_ra8129aa_as,293,11,E
11657_5#13,344,131,B2
11657_5#22,344,131,B2
11657_5#24,343,131,B2
11657_5#46,342,131,B2
11657_5#61,343,131,B2
11657_5#7,341,131,B2
11657_5#8,337,5387,B2
11657_5#80,339,131,B2
11657_5#92,343,131,B2
11657_5#94,343,131,B2
11657_6#11,343,131,B2
11657_6#14,345,131,B2
11657_6#16,342,131,B2
11657_6#37,343,131,B2
11657_6#47,336,131,B2
11657_6#63,343,131,B2
11657_6#64,342,131,B2
11657_6#65,341,131,B2
11657_6#67,343,131,B2
11657_6#72,333,131,B2
11657_6#91,344,131,B2
11657_6#94,337,131,B2
11657_7#12,342,131,B2
11657_7#21,340,131,B2
11657_7#22,340,131,B2
11657_7#23,343,131,B2
11657_7#47,344,131,B2
11657_7#66,340,131,B2
11657_7#70,340,131,B2
11657_7#73,346,131,B2
11657_7#77,345,131,B2
11657_7#78,351,131,B2
11657_7#89,340,131,B2
11657_7#95,344,131,B2
11658_3#15,344,131,B2
11658_3#16,347,131,B2
11658_3#18,342,131,B2
11658_3#36,344,131,B2
11658_3#38,344,131,B2
11658_3#4,345,131,B2
11658_3#41,343,131,B2
11658_3#42,344,131,B2
11658_3#55,343,131,B2
11658_3#56,332,131,B2
11658_3#74,341,131,B2
11658_3#8,336,131,B2
11658_3#86,341,131,B2
11658_3#94,347,131,B2
11658_4#18,345,131,B2
11658_4#57,332,131,B2
11658_4#60,343,131,B2
11658_4#61,343,131,B2
11658_4#66,339,131,B2
11658_4#74,343,131,B2
11658_4#77,339,131,B2
11658_4#80,341,131,B2
11658_4#81,341,131,B2
11658_4#85,338,131,B2
11658_5#11,342,131,B2
11658_5#14,342,131,B2
11658_5#19,343,131,B2
11658_5#2,346,131,B2
11658_5#26,343,131,B2
11658_5#28,343,131,B2
11658_5#32,343,131,B2
11658_5#41,344,131,B2
11658_5#5,331,131,B2
11658_5#53,339,131,B2
11658_5#57,340,131,B2
11658_5#66,342,131,B2
11658_6#10,342,131,B2
11658_6#13,344,131,B2
11658_6#34,343,131,B2
11658_6#41,342,131,B2
11658_6#43,342,131,B2
11658_6#63,339,5630,B2
11658_6#64,343,131,B2
11658_6#73,341,131,B2
11658_6#81,344,131,B2
11658_6#82,341,131,B2
11658_6#88,342,131,B2
11658_6#91,349,131,B2
11658_6#92,342,131,B2
11658_7#15,343,131,B2
11658_7#16,345,131,B2
11658_7#17,341,131,B2
11658_7#30,348,131,B2
11658_7#33,344,131,B2
11658_7#52,345,131,B2
11658_7#57,345,131,B2
11658_7#64,341,131,B2
11658_7#65,344,131,B2
11658_7#67,346,131,B2
11658_7#7,346,131,B2
11658_7#71,343,131,B2
11658_7#78,344,131,B2
11658_7#8,347,131,B2
11658_7#86,344,131,B2
11658_7#90,345,131,B2
11658_7#93,343,131,B2
11658_8#27,342,131,B2
11658_8#55,342,131,B2
11658_8#64,343,131,B2
11658_8#78,342,131,B2
11658_8#84,343,131,B2
11658_8#85,343,131,B2
11658_8#92,345,131,B2
11658_8#93,346,131,B2
11679_4#32,343,131,B2
11679_4#35,344,131,B2
11679_4#39,343,131,B2
11679_4#4,342,131,B2
11679_4#40,344,131,B2
11679_4#52,344,131,B2
11679_4#53,346,131,B2
11679_4#54,344,131,B2
11679_4#56,345,131,B2
11679_4#58,340,131,B2
11679_4#62,342,131,B2
11679_4#66,343,131,B2
11679_4#8,345,131,B2
11679_4#89,345,131,B2
11679_4#91,342,131,B2
11679_4#92,340,131,B2
11679_4#95,344,131,B2
11679_5#12,340,131,B2
11679_5#33,343,131,B2
11679_5#44,344,131,B2
11679_5#77,338,131,B2
11679_5#80,344,131,B2
11679_5#90,338,131,B2
11679_5#94,344,131,B2
11679_6#45,341,131,B2
11679_6#49,335,131,B2
11679_6#93,344,131,B2
11679_6#94,341,131,B2
11679_6#95,336,131,B2
11679_7#26,330,131,B2
11679_7#42,344,131,B2
11679_7#44,344,131,B2
11679_7#5,343,131,B2
11679_7#54,334,131,B2
11679_7#58,344,131,B2
11679_7#70,342,131,B2
11679_7#8,345,131,B2
11679_7#85,343,131,B2
11679_7#87,348,131,B2
11679_8#1,339,131,B2
11679_8#11,347,131,B2
11679_8#57,342,131,B2
11679_8#70,346,131,B2
11679_8#74,342,131,B2
11679_8#84,329,131,B2
11679_8#85,350,131,B2
11679_8#86,343,131,B2
11679_8#87,329,131,B2
11791_3#32,343,131,B2
11791_3#43,344,131,B2
11791_3#58,339,131,B2
11791_3#69,342,131,B2
11791_3#81,341,131,B2
11791_6#11,338,131,B2
11791_6#24,342,131,B2
11791_6#25,343,131,B2
11791_6#30,340,131,B2
11791_6#32,342,131,B2
11791_6#37,341,131,B2
11791_6#7,342,131,B2
11791_6#9,344,131,B2
11791_7#2,343,131,B2
11791_7#21,338,131,B2
11791_7#45,342,131,B2
11791_7#49,345,131,B2
11791_7#5,345,131,B2
11791_7#50,341,131,B2
11791_7#55,343,131,B2
11791_7#59,345,131,B2
11791_7#60,341,131,B2
11791_7#7,342,131,B2
14937_6#13,343,131,B2
14937_6#14,327,131,B2
14937_6#16,342,131,B2
14937_6#17,343,131,B2
14937_6#20,340,131,B2
14937_6#23,345,131,B2
14937_6#26,345,131,B2
14937_6#3,344,131,B2
14937_6#30,342,131,B2
14937_6#32,344,131,B2
14937_6#34,344,131,B2
14937_6#36,341,131,B2
14937_6#37,342,131,B2
14937_6#40,343,131,B2
14937_6#43,343,131,B2
14937_6#47,345,131,B2
14937_6#51,341,131,B2
14937_6#52,339,131,B2
14937_6#6,342,131,B2
14937_6#61,340,131,B2
14937_6#7,329,131,B2
14937_6#71,342,131,B2
14937_6#83,341,131,B2
14937_6#84,342,131,B2
14937_6#85,342,131,B2
14937_7#15,344,131,B2
14937_7#16,344,131,B2
14937_7#17,344,131,B2
14937_7#18,342,131,B2
14937_7#20,337,131,B2
14937_7#28,344,131,B2
14937_7#29,344,131,B2
14937_7#3,344,131,B2
14937_7#30,342,131,B2
14937_7#31,342,131,B2
14937_7#36,343,131,B2
14937_7#37,344,131,B2
14937_7#38,343,131,B2
14937_7#39,344,131,B2
14937_7#41,343,131,B2
14937_7#42,342,131,B2
14937_7#43,342,131,B2
14937_7#44,344,131,B2
14937_7#45,337,131,B2
14937_7#46,341,131,B2
14937_7#47,342,131,B2
14937_7#48,342,131,B2
14937_7#5,345,131,B2
14937_7#50,344,131,B2
14937_7#51,343,131,B2
14937_7#52,342,131,B2
14937_7#53,343,131,B2
14937_7#56,344,131,B2
14937_7#6,344,131,B2
14937_7#66,339,131,B2
14937_7#67,329,131,B2
14937_7#68,343,131,B2
14937_7#7,343,131,B2
14937_7#80,343,131,B2
14937_7#83,343,131,B2
14937_7#84,329,131,B2
14937_7#9,341,131,B2
14937_8#10,342,131,B2
14937_8#12,342,131,B2
14937_8#16,336,131,B2
14937_8#24,345,131,B2
14937_8#33,344,131,B2
14937_8#38,343,131,B2
14937_8#40,340,131,B2
14937_8#41,341,131,B2
14937_8#42,343,131,B2
14937_8#44,341,131,B2
14937_8#45,340,131,B2
14937_8#46,338,131,B2
14937_8#47,341,131,B2
14937_8#49,335,131,B2
14937_8#50,342,131,B2
14937_8#51,342,131,B2
14937_8#52,344,131,B2
14937_8#54,339,131,B2
14937_8#55,343,131,B2
14937_8#58,344,131,B2
14937_8#59,344,131,B2
14937_8#6,345,131,B2
14937_8#60,342,131,B2
14937_8#62,341,131,B2
14937_8#64,340,131,B2
14937_8#65,339,131,B2
14937_8#67,343,131,B2
14937_8#68,343,131,B2
14937_8#69,339,131,B2
14937_8#70,342,131,B2
14937_8#71,334,131,B2
14937_8#72,342,131,B2
14937_8#75,342,131,B2
14937_8#76,344,131,B2
14937_8#77,344,131,B2
14937_8#78,342,131,B2
14937_8#79,343,131,B2
14937_8#80,338,131,B2
14937_8#81,344,131,B2
14937_8#83,343,131,B2
14937_8#86,345,131,B2
15056_3#10,343,131,B2
15056_3#11,345,131,B2
15056_3#12,343,131,B2
15056_3#13,344,131,B2
15056_3#15,344,131,B2
15056_3#16,344,131,B2
15056_3#17,326,131,B2
15056_3#18,344,131,B2
15056_3#19,344,131,B2
15056_3#2,343,131,B2
15056_3#20,343,131,B2
15056_3#21,341,131,B2
15056_3#22,343,131,B2
15056_3#23,326,131,B2
15056_3#24,341,131,B2
15056_3#28,344,131,B2
15056_3#29,343,131,B2
15056_3#3,344,131,B2
15056_3#30,342,131,B2
15056_3#31,325,131,B2
15056_3#32,344,131,B2
15056_3#33,344,131,B2
15056_3#38,343,131,B2
15056_3#39,342,131,B2
15056_3#4,342,131,B2
15056_3#40,344,131,B2
15056_3#41,343,131,B2
15056_3#42,341,131,B2
15056_3#43,344,131,B2
15056_3#44,342,131,B2
15056_3#46,343,131,B2
15056_3#47,339,131,B2
15056_3#48,342,131,B2
15056_3#49,342,131,B2
15056_3#5,344,131,B2
15056_3#52,343,131,B2
15056_3#53,341,131,B2
15056_3#54,326,131,B2
15056_3#56,342,131,B2
15056_3#58,343,131,B2
15056_3#59,341,131,B2
15056_3#6,339,131,B2
15056_3#61,343,131,B2
15056_3#62,343,131,B2
15056_3#64,344,131,B2
15056_3#66,333,131,B2
15056_3#67,343,131,B2
15056_3#68,343,131,B2
15056_3#69,344,131,B2
15056_3#7,343,131,B2
15056_3#70,343,131,B2
15056_3#71,343,131,B2
15056_3#72,342,131,B2
15056_3#75,339,131,B2
15056_3#77,343,131,B2
15056_3#80,344,131,B2
15056_3#81,344,131,B2
15056_3#83,343,131,B2
15056_3#84,344,131,B2
15056_3#85,344,131,B2
15056_4#1,343,131,B2
15056_4#10,345,131,B2
15056_4#2,343,131,B2
15056_4#27,326,131,B2
15056_4#29,333,131,B2
15056_4#3,344,131,B2
15056_4#30,333,131,B2
15056_4#33,334,131,B2
15056_4#34,334,131,B2
15056_4#35,333,131,B2
15056_4#36,343,131,B2
15056_4#38,334,131,B2
15056_4#39,344,131,B2
15056_4#4,335,131,B2
15056_4#40,328,131,B2
15056_4#41,343,131,B2
15056_4#42,344,131,B2
15056_4#43,343,131,B2
15056_4#45,343,131,B2
15056_4#46,342,131,B2
15056_4#48,340,131,B2
15056_4#5,342,131,B2
15056_4#51,335,131,B2
15056_4#52,344,131,B2
15056_4#53,343,131,B2
15056_4#54,343,131,B2
15056_4#55,343,131,B2
15056_4#56,325,131,B2
15056_4#57,343,131,B2
15056_4#58,337,131,B2
15056_4#59,343,131,B2
15056_4#6,343,131,B2
15056_4#60,324,131,B2
15056_4#61,339,131,B2
15056_4#62,339,131,B2
15056_4#63,326,131,B2
15056_4#64,344,131,B2
15056_4#65,344,131,B2
15056_4#67,344,131,B2
15056_4#68,342,131,B2
15056_4#69,342,131,B2
15056_4#70,343,131,B2
15056_4#71,339,131,B2
15056_4#73,344,131,B2
15056_4#75,343,131,B2
15056_4#76,343,131,B2
15056_4#77,340,131,B2
15056_4#78,343,131,B2
15056_4#8,333,131,B2
15056_4#81,334,131,B2
15056_4#82,333,131,B2
15056_4#83,334,131,B2
15056_4#86,330,131,B2
15056_4#9,343,131,B2
15795_1#43,340,131,B2
15795_1#44,341,131,B2
15795_1#45,340,131,B2
15795_1#46,341,131,B2
15795_1#47,345,131,B2
15795_1#48,340,131,B2
15795_1#49,345,131,B2
15795_1#50,344,131,B2
15795_1#52,334,131,B2
15795_1#53,345,131,B2
15795_1#54,345,131,B2
15795_1#55,341,131,B2
15795_1#56,345,131,B2
15795_1#57,333,131,B2
15795_1#60,345,131,B2
15795_1#64,345,131,B2
32473_D01_contigs_pacbio,343,131,B2
32512_F01_contigs_pacbio,345,131,B2
39130_B01_contigs_pacbio,345,131,B2
JSFS00000000,345,131,B2
JSFY00000000,343,131,B2
JSHJ00000000,324,131,B2
JSIO00000000,344,131,B2
JSJI00000000,344,131,B2
JSJT00000000,343,131~,B2
JSKS00000000,343,131,B2
JSLA00000000,336,131,B2
JSMF00000000,344,131,B2
JSMG00000000,345,131,B2
JSMK00000000,336,5642,B2
JSMP00000000,345,131,B2
JSMR00000000,343,131,B2
JSNA00000000,342,131,B2
JSNC00000000,342,131,B2
JSNH00000000,345,131,B2
JSOA00000000,346,131,B2
JSOQ00000000,341,131,B2
JSPC00000000,347,131,B2
JSPD00000000,343,131,B2
JSPH00000000,343,131,B2
JSPN00000000,346,131,B2
JSPO00000000,342,131,B2
JSPP00000000,337,131,B2
JSPT00000000,345,131,B2
JSPU00000000,344,131,B2
JSQF00000000,342,131,B2
JSQG00000000,337,131,B2
JSQH00000000,342,131,B2
JSQP00000000,348,131,B2
JSRL00000000,343,131,B2
JSRN00000000,343,131,B2
JSRO00000000,349,131,B2
JSRR00000000,343,131,B2
JSRT00000000,344,131,B2
JSSD00000000,331,131,B2
JSSE00000000,329,131,B2
JSSF00000000,339,131,B2
JSSJ00000000,340,131,B2
JSSM00000000,346,131,B2
JSSO00000000,348,131,B2
NC_017644,320,131,B2
SRR5030804_trimmed,335,131,B2
SRR5031226_trimmed,335,131,B2
SRR7184364_trimmed,321,131,B2
SRR7191539_trimmed,337,131,B2
SRR7244285_trimmed,344,131,B2
SRR7244312_trimmed,311,131,B2
SRR7257040_trimmed,336,131,B2
SRR7266757_trimmed,336,131,B2
SRR7270948_trimmed,338,131,B2
SRR7277694_trimmed,340,131,B2
SRR7283753_trimmed,319,131~,B2
SRR7285611_trimmed,344,131,B2
SRR7833083_trimmed,340,131,B2
esc_aa7866aa_as,345,131,B2
esc_aa7878aa_as,342,131,B2
esc_aa8154aa_as,345,131,B2
esc_aa8174aa_as,346,131,B2
esc_aa8250aa_as,346,131,B2
esc_aa8504aa_as,343,131,B2
esc_aa8956aa_as,346,131,B2
esc_aa9314aa_as,345,131,B2
esc_aa9415aa_as,339,131,B2
esc_aa9739aa_as,345,131,B2
esc_aa9754aa_as,333,131,B2
esc_aa9947aa_as,344,131,B2
esc_ba0117aa_as,327,131,B2
esc_ba0387aa_as,344,131,B2
esc_ba0453aa_as,345,131,B2
esc_ba0468aa_as,345,131,B2
esc_ba0590aa_as,343,131,B2
esc_ba0839aa_as,344,131,B2
esc_ba0848aa_as,343,131,B2
esc_ba0927aa_as,345,131,B2
esc_ba0929aa_as,345,131,B2
esc_ba0944aa_as,344,131,B2
esc_ba1143aa_as,345,131,B2
esc_ba1406aa_as,345,131,B2
esc_ba1463aa_as,343,131,B2
esc_ba1729aa_as,345,131,B2
esc_ba1740aa_as,325,131,B2
esc_ba1752aa_as,347,131,B2
esc_ba2034aa_as,334,131,B2
esc_ba2092aa_as,346,131,B2
esc_ba2127aa_as,345,131,B2
esc_ba2176aa_as,344,131,B2
esc_ba2184aa_as,345,131,B2
esc_ba2222aa_as,330,131,B2
esc_ba2246aa_as,344,131,B2
esc_ba2299aa_as,343,131,B2
esc_ba2475aa_as,346,131,B2
esc_ba2529aa_as,346,131,B2
esc_ba2553aa_as,350,131,B2
esc_ba2622aa_as,344,131,B2
esc_ba2646aa_as,345,131,B2
esc_ba2677aa_as,346,131,B2
esc_ba2841aa_as,344,131,B2
esc_ba2902aa_as,343,131,B2
esc_ba2939aa_as,344,131,B2
esc_ba2989aa_as,345,131,B2
esc_ba3155aa_as,344,131,B2
esc_ba3170aa_as,344,131,B2
esc_ba3224aa_as,342,131,B2
esc_ba3458aa_as,343,131,B2
esc_ba3489aa_as,345,131,B2
esc_ba3526aa_as,345,131,B2
esc_ba3864aa_as,344,131,B2
esc_ba3928aa_as,343,131,B2
esc_ba4016aa_as,331,131,B2
esc_ba4045aa_as,343,131,B2
esc_ba4120aa_as,334,131,B2
esc_ba4275aa_as,343,131,B2
esc_ba4394aa_as,345,131,B2
esc_ba4398aa_as,346,131,B2
esc_ba4580aa_as,345,131,B2
esc_ba4639aa_as,344,131,B2
esc_ba4737aa_as,346,131,B2
esc_ba4754aa_as,345,131,B2
esc_ba4781aa_as,343,131,B2
esc_ba4887aa_as,345,131,B2
esc_ba4929aa_as,346,131,B2
esc_ba4937aa_as,342,131,B2
esc_ba4941aa_as,346,131,B2
esc_ba4967aa_as,343,131,B2
esc_ba5180aa_as,347,131,B2
esc_ba5230aa_as,342,131,B2
esc_ba5444aa_as,339,131,B2
esc_ba5793aa_as,344,131,B2
esc_ba5843aa_as,344,131,B2
esc_ba5889aa_as,336,131,B2
esc_ba5903aa_as,343,131,B2
esc_ba5951aa_as,344,131,B2
esc_ba6529aa_as,344,131,B2
esc_ba6744aa_as,346,131,B2
esc_ba6775aa_as,345,131,B2
esc_ba6777aa_as,345,131,B2
esc_ba6790aa_as,343,131,B2
esc_ba6869aa_as,344,131,B2
esc_ba6920aa_as,346,131,B2
esc_ba6921aa_as,345,131,B2
esc_ba6984aa_as,339,131,B2
esc_ba7016aa_as,340,131,B2
esc_ba7032aa_as,343,131,B2
esc_ba7191aa_as,343,131,B2
esc_ba7194aa_as,341,131,B2
esc_ba7286aa_as,345,131,B2
esc_ba7344aa_as,344,131,B2
esc_ba7487aa_as,346,131,B2
esc_ba7509aa_as,334,131,B2
esc_ba7612aa_as,344,131,B2
esc_ba7700aa_as,345,131,B2
esc_ba7706aa_as,343,131,B2
esc_ba7717aa_as,345,131,B2
esc_ba7819aa_as,344,131,B2
esc_ba7872aa_as,346,131,B2
esc_ba7956aa_as,344,131,B2
esc_ba7962aa_as,346,131,B2
esc_ba7970aa_as,346,131,B2
esc_ba7980aa_as,345,131,B2
esc_ba8183aa_as,344,131,B2
esc_ba8283aa_as,346,131,B2
esc_ba8416aa_as,341,131,B2
esc_ba8558aa_as,345,131,B2
esc_ba8598aa_as,346,131,B2
esc_ba8628aa_as,345,131,B2
esc_ba8787aa_as,342,131,B2
esc_ba8973aa_as,344,131,B2
esc_ba8974aa_as,344,131,B2
esc_ba9410aa_as,344,131,B2
esc_ba9527aa_as,345,131,B2
esc_ba9554aa_as,344,131,B2
esc_ba9633aa_as,342,131,B2
esc_ba9741aa_as,343,131,B2
esc_ba9746aa_as,346,131,B2
esc_ba9834aa_as,345,131,B2
esc_ba9917aa_as,343,131,B2
esc_ca0062aa_as,343,131,B2
esc_ca0149aa_as,344,131,B2
esc_ca0177aa_as,345,131,B2
esc_ca0280aa_as,345,131,B2
esc_ca0302aa_as,347,131,B2
esc_ca0378aa_as,345,131,B2
esc_ca0405aa_as,346,131,B2
esc_ca0412aa_as,345,131,B2
esc_ca0426aa_as,343,131,B2
esc_ca0719aa_as,334,131,B2
esc_ca0938aa_as,345,131,B2
esc_ca0998aa_as,345,131,B2
esc_ca1300aa_as,344,131,B2
esc_ca1422aa_as,343,131,B2
esc_ca1535aa_as,346,131,B2
esc_ca1569aa_as,354,131,B2
esc_ca1594aa_as,338,131,B2
esc_ca1800aa_as,344,131,B2
esc_ca1840aa_as,337,131,B2
esc_ca1888aa_as,343,131,B2
esc_ca1939aa_as,345,131,B2
esc_ca1949aa_as,345,131,B2
esc_ca2094aa_as,344,131,B2
esc_ca2153aa_as,343,131,B2
esc_ca2165aa_as,346,131,B2
esc_ca2265aa_as,345,131,B2
esc_ca2302aa_as,345,131,B2
esc_ca2609aa_as,343,131,B2
esc_ca2624aa_as,341,131,B2
esc_ca2639aa_as,337,131,B2
esc_ca2685aa_as,344,131,B2
esc_ca2785aa_as,345,131,B2
esc_ca2881aa_as,347,131,B2
esc_ca2906aa_as,343,131,B2
esc_ca2979aa_as,344,131,B2
esc_ca2983aa_as,345,131,B2
esc_ca3055aa_as,343,131,B2
esc_ca3063aa_as,347,131,B2
esc_ca3077aa_as,340,131,B2
esc_ca3118aa_as,345,131,B2
esc_ca3132aa_as,345,131,B2
esc_ca3304aa_as,349,131,B2
esc_ca3340aa_as,344,131,B2
esc_ca3345aa_as,345,131,B2
esc_ca3511aa_as,344,131,B2
esc_ca3529aa_as,345,131,B2
esc_ca3551aa_as,344,131,B2
esc_ca3625aa_as,344,131,B2
esc_ca3689aa_as,346,131,B2
esc_ca3720aa_as,343,131,B2
esc_ca3727aa_as,343,131,B2
esc_ca3760aa_as,341,131,B2
esc_ca3847aa_as,343,131,B2
esc_ca3866aa_as,344,5468,B2
esc_ca3870aa_as,344,131,B2
esc_ca3910aa_as,344,131,B2
esc_ca3914aa_as,343,131,B2
esc_ca4040aa_as,345,131,B2
esc_ca4103aa_as,344,131,B2
esc_ca4333aa_as,342,131,B2
esc_ca4380aa_as,347,131,B2
esc_ca4395aa_as,343,131,B2
esc_ca4425aa_as,343,131,B2
esc_ca4512aa_as,344,131,B2
esc_ca4896aa_as,331,131,B2
esc_ca4929aa_as,344,131,B2
esc_ca5436aa_as,346,131,B2
esc_ca5460aa_as,341,131,B2
esc_ca5510aa_as,346,131,B2
esc_ca5557aa_as,344,131,B2
esc_ca5647aa_as,345,131,B2
esc_ca5675aa_as,345,131,B2
esc_ca5784aa_as,344,131,B2
esc_ca5895aa_as,344,131,B2
esc_ca5980aa_as,342,131,B2
esc_ca6069aa_as,347,131,B2
esc_ca6109aa_as,343,131,B2
esc_ca6112aa_as,344,131,B2
esc_ca6176aa_as,339,131,B2
esc_ca6211aa_as,344,131,B2
esc_ca6269aa_as,341,131,B2
esc_ca6288aa_as,344,131,B2
esc_ca6296aa_as,342,131,B2
esc_ca6363aa_as,344,131,B2
esc_ca6379aa_as,347,131,B2
esc_ca6629aa_as,341,131,B2
esc_fa7054aa_as,347,131,B2
esc_fa7130aa_as,344,131,B2
esc_fa7185aa_as,343,131,B2
esc_fa7211aa_as,344,131,B2
esc_fa7278aa_as,344,131,B2
esc_fa7357aa_as,346,131,B2
esc_ga8673aa_as,354,131,B2
esc_ga8798aa_as,342,131,B2
esc_ga8800aa_as,344,131,B2
esc_ga8808aa_as,345,131,B2
esc_ga8849aa_as,346,131,B2
esc_ga8890aa_as,344,131,B2
esc_ga8935aa_as,345,131,B2
esc_ga8946aa_as,350,131,B2
esc_ga8951aa_as,338,131,B2
esc_ga8973aa_as,339,131,B2
esc_ga9143aa_as,331,131,B2
esc_ga9197aa_as,343,131,B2
esc_ga9217aa_as,338,131,B2
esc_ga9237aa_as,342,131,B2
esc_ga9248aa_as,348,131,B2
esc_ga9322aa_as,343,131,B2
esc_ga9400aa_as,332,131,B2
esc_ga9433aa_as,344,131,B2
esc_ga9444aa_as,342,131,B2
esc_ha0199aa_as,344,131,B2
esc_ha0899aa_as,339,131,B2
esc_ha2665aa_as,343,131,B2
esc_ha3969aa_as,343,131,B2
esc_ia2222aa_as,353,131,B2
esc_ia2294aa_as,334,131,B2
esc_ia2296aa_as,344,131,B2
esc_ia8536aa_as,347,131,B2
esc_ja8138aa_as,344,131,B2
esc_ka0879aa_as,343,131,B2
esc_ka1042aa_as,344,131,B2
esc_ka2170aa_as,346,131,B2
esc_ka6866aa_as,340,131,B2
esc_oa0091aa_as,330,131,B2
esc_oa0096aa_as,343,131,B2
esc_oa0105aa_as,344,131,B2
esc_oa0200aa_as,349,131,B2
esc_qa3428aa_as,347,131,B2
esc_ra3566aa_as,337,131,B2
11657_5#12,345,73,B2
11657_5#19,340,73,B2
11657_5#26,342,73,B2
11657_5#3,344,73,B2
11657_5#44,346,73,B2
11657_5#47,358,73,B2
11657_5#48,345,73,B2
11657_5#50,341,73,B2
11657_5#55,342,73,B2
11657_5#58,346,73,B2
11657_5#6,331,73,B2
11657_5#72,345,73,B2
11657_5#75,347,73,B2
11657_5#78,333,73,B2
11657_5#82,345,73,B2
11657_5#83,359,73,B2
11657_5#86,341,73,B2
11657_5#87,343,73,B2
11657_6#13,353,73,B2
11657_6#19,354,73,B2
11657_6#24,350,73,B2
11657_6#26,338,73,B2
11657_6#28,344,73,B2
11657_6#3,349,73,B2
11657_6#30,345,73,B2
11657_6#38,345,73,B2
11657_6#46,345,73,B2
11657_6#48,348,73,B2
11657_6#73,341,73,B2
11657_6#78,334,73,B2
11657_6#8,338,1618,B2
11657_6#80,339,1618,B2
11657_6#81,325,73,B2
11657_6#87,359,73,B2
11657_7#1,341,73,B2
11657_7#11,340,73,B2
11657_7#17,350,73,B2
11657_7#20,340,73,B2
11657_7#25,341,73,B2
11657_7#26,342,73,B2
11657_7#4,341,73,B2
11657_7#48,334,73,B2
11657_7#60,337,73,B2
11657_7#61,348,73,B2
11657_7#67,341,73,B2
11657_7#69,335,73,B2
11657_7#71,342,73,B2
11657_7#74,343,73,B2
11657_7#76,336,73,B2
11657_7#96,345,73,B2
11658_3#26,343,73,B2
11658_3#29,351,73,B2
11658_3#32,338,73,B2
11658_3#35,342,73,B2
11658_3#39,343,73,B2
11658_3#46,336,73,B2
11658_3#47,339,73,B2
11658_3#5,340,73,B2
11658_3#57,345,73,B2
11658_3#64,341,73,B2
11658_3#66,347,73,B2
11658_3#67,355,73,B2
11658_3#71,342,73,B2
11658_3#75,332,73,B2
11658_3#79,335,73,B2
11658_3#81,335,73,B2
11658_3#82,342,73,B2
11658_3#83,358,73,B2
11658_3#85,343,73,B2
11658_3#93,342,73,B2
11658_3#95,343,73,B2
11658_4#19,331,73,B2
11658_4#29,343,73,B2
11658_4#31,340,73,B2
11658_4#36,350,73,B2
11658_4#50,346,73,B2
11658_4#53,342,73,B2
11658_4#54,340,73,B2
11658_4#59,342,73,B2
11658_4#79,345,73,B2
11658_4#8,346,73,B2
11658_4#90,341,73,B2
11658_4#95,342,73,B2
11658_4#96,346,73,B2
11658_5#12,336,73,B2
11658_5#15,346,73,B2
11658_5#16,341,73,B2
11658_5#20,342,73,B2
11658_5#23,342,73,B2
11658_5#27,337,73,B2
11658_5#29,340,73,B2
11658_5#36,345,5253,B2
11658_5#68,327,73,B2
11658_5#73,341,73,B2
11658_5#76,359,73,B2
11658_5#79,357,73,B2
11658_5#82,335,73,B2
11658_6#2,351,5561,B2
11658_6#25,358,73,B2
11658_6#33,339,73,B2
11658_6#4,330,5546,B2
11658_6#5,354,73,B2
11658_6#54,341,73,B2
11658_6#57,345,73,B2
11658_6#62,344,73,B2
11658_6#65,332,73,B2
11658_6#74,339,73,B2
11658_6#8,334,73,B2
11658_6#89,341,73,B2
11658_6#9,349,73,B2
11658_6#90,342,73,B2
11658_6#94,353,73,B2
11658_6#95,343,73,B2
11658_7#19,342,73,B2
11658_7#36,341,73,B2
11658_7#5,345,73,B2
11658_7#50,335,73,B2
11658_7#55,333,73,B2
11658_7#58,357,73,B2
11658_7#62,359,73,B2
11658_7#82,341,73,B2
11658_7#87,340,73,B2
11658_7#9,340,73,B2
11658_7#92,338,73,B2
11658_7#95,349,73,B2
11658_8#28,342,73,B2
11658_8#31,342,73,B2
11658_8#34,340,73,B2
11658_8#35,345,73,B2
11658_8#38,344,73,B2
11658_8#43,356,73,B2
11658_8#59,360,73,B2
11658_8#61,340,73,B2
11658_8#62,344,73,B2
11658_8#63,343,73,B2
11658_8#76,340,73,B2
11658_8#83,354,73,B2
11658_8#87,359,73,B2
11658_8#89,337,73,B2
11679_4#12,338,73,B2
11679_4#16,343,73,B2
11679_4#2,341,73,B2
11679_4#25,342,73,B2
11679_4#26,339,73,B2
11679_4#3,342,73,B2
11679_4#38,342,73,B2
11679_4#41,355,73,B2
11679_4#42,340,73,B2
11679_4#49,346,73,B2
11679_4#55,348,73,B2
11679_4#57,343,73,B2
11679_4#69,336,73,B2
11679_4#7,335,73,B2
11679_4#71,337,73,B2
11679_4#75,344,73,B2
11679_4#82,338,1618,B2
11679_4#83,345,73,B2
11679_4#85,342,73,B2
11679_4#86,351,5242,B2
11679_4#9,346,73,B2
11679_4#94,343,73,B2
11679_4#96,335,73,B2
11679_5#11,341,73,B2
11679_5#15,357,73,B2
11679_5#17,336,73,B2
11679_5#18,342,73,B2
11679_5#19,333,73,B2
11679_5#31,340,73,B2
11679_5#32,346,73,B2
11679_5#47,341,73,B2
11679_5#5,357,73,B2
11679_5#64,341,73,B2
11679_5#65,326,73,B2
11679_5#81,347,73,B2
11679_5#82,359,73,B2
11679_6#1,347,73,B2
11679_6#12,340,1979,B2
11679_6#18,328,73,B2
11679_6#22,345,73,B2
11679_6#23,337,73,B2
11679_6#28,348,73,B2
11679_6#32,355,73,B2
11679_6#34,337,73,B2
11679_6#38,342,73,B2
11679_6#39,338,73,B2
11679_6#43,346,73,B2
11679_6#61,328,73,B2
11679_6#67,344,73,B2
11679_6#81,342,73,B2
11679_6#84,359,73,B2
11679_6#85,350,73,B2
11679_7#11,356,73,B2
11679_7#21,348,73,B2
11679_7#22,335,73,B2
11679_7#36,313,104,B2
11679_7#47,351,73,B2
11679_7#50,346,73,B2
11679_7#59,341,73,B2
11679_7#60,332,73,B2
11679_7#63,345,73,B2
11679_7#71,326,104,B2
11679_7#72,347,74,B2
11679_7#74,342,73,B2
11679_7#79,340,73,B2
11679_7#80,339,73,B2
11679_8#10,342,73,B2
11679_8#18,358,73,B2
11679_8#21,342,73,B2
11679_8#38,346,73,B2
11679_8#39,343,73,B2
11679_8#41,346,73,B2
11679_8#42,340,73,B2
11679_8#46,327,73,B2
11679_8#78,353,73,B2
11679_8#96,346,73,B2
11791_3#12,340,73,B2
11791_3#21,352,73,B2
11791_3#24,358,73,B2
11791_3#34,358,73,B2
11791_3#36,341,73,B2
11791_3#40,340,73,B2
11791_3#42,329,73,B2
11791_3#48,344,73,B2
11791_3#7,341,73,B2
11791_3#75,359,73,B2
11791_3#77,340,73,B2
11791_3#89,344,73,B2
11791_6#10,335,73,B2
11791_6#15,340,73,B2
11791_6#22,333,73,B2
11791_6#23,333,73,B2
11791_6#39,343,73,B2
11791_6#5,332,104,B2
11791_7#1,340,73,B2
11791_7#12,348,73,B2
11791_7#13,316,73,B2
11791_7#14,337,73,B2
11791_7#19,349,73,B2
11791_7#22,349,73,B2
11791_7#25,345,73,B2
11791_7#28,346,73,B2
11791_7#34,341,73,B2
11791_7#4,346,73,B2
11791_7#40,343,73,B2
11791_7#41,360,73,B2
11791_7#44,344,73,B2
11791_7#48,345,73,B2
11791_7#56,359,73,B2
11791_7#61,345,73,B2
11791_7#62,343,73,B2
11791_7#63,337,73,B2
11791_7#64,338,73,B2
11791_7#65,353,73,B2
12045_3#60,341,73,B2
12045_3#63,342,73,B2
12045_3#67,336,73,B2
32473_A02_contigs_pacbio,349,73,B2
38187_D01_contigs_pacbio,333,73,B2
38344_G01_contigs_pacbio,335,73,B2
38502_E01_contigs_pacbio,330,73,B2
39282_G02_contigs_pacbio,336,73,B2
8939_4#84,336,5316,B2
8939_4#92,336,5316,B2
9776_2#92,330,73,B2
AOQV00000000,324,73,B2
CP016497,343,73,B2
JSFZ00000000,350,73,B2
JSGE00000000,337,73,B2
JSIH00000000,340,73,B2
JSII00000000,330,73,B2
JSIJ00000000,327,73,B2
JSJF00000000,345,73,B2
JSJG00000000,344,73,B2
JSJO00000000,334,73,B2
JSJP00000000,347,73,B2
JSKC00000000,344,73,B2
JSKG00000000,334,73,B2
JSKI00000000,357,73,B2
JSKK00000000,327,73,B2
JSLT00000000,346,73,B2
JSMB00000000,335,73,B2
JSOJ00000000,341,73,B2
JSOR00000000,342,73,B2
JSPV00000000,359,73,B2
JSQC00000000,343,73,B2
JSQD00000000,343,73,B2
JSSQ00000000,355,73,B2
JSSR00000000,351,73,B2
NC_004431,346,73,B2
NC_017631,352,73,B2
SRR4897649_trimmed,341,73~,B2
SRR5030815_trimmed,335,73,B2
SRR7204199_trimmed,339,73,B2
SRR7208464_trimmed,302,73,B2
SRR7221040_trimmed,328,73,B2
SRR7230319_trimmed,311,73,B2
SRR7277781_trimmed,334,73,B2
SRR7285422_trimmed,360,73,B2
SRR7286260_trimmed,339,73~,B2
SRR7291667_trimmed,325,73,B2
SRR7358025_trimmed,339,73,B2
SRR7367254_trimmed,269,73~,B2
SRR7367378_trimmed,297,73,B2
SRR7500919_trimmed,321,73,B2
SRR7500941_trimmed,338,73,B2
SRR7500959_trimmed,332,73,B2
SRR7505881_trimmed,329,5316,B2
SRR7521264_trimmed,326,73~,B2
SRR7826967_trimmed,339,73,B2
esc_ba2158aa_as,349,1618,B2
esc_ba5169aa_as,345,5274,B2
esc_ba5194aa_as,345,73,B2
esc_ba5621aa_as,331,73,B2
esc_ba6050aa_as,360,73,B2
esc_ba6679aa_as,357,73,B2
esc_ba6908aa_as,332,2013,B2
esc_ba6956aa_as,347,73,B2
esc_ba7036aa_as,340,73,B2
esc_ba7445aa_as,344,73,B2
esc_ba7821aa_as,338,73,B2
esc_ba8372aa_as,328,104,B2
esc_ba8766aa_as,344,73,B2
esc_ba9206aa_as,338,73,B2
esc_ca0277aa_as,341,73,B2
esc_ca0475aa_as,344,73,B2
esc_ca0509aa_as,347,73,B2
esc_ca0529aa_as,337,73,B2
esc_ca0657aa_as,337,73,B2
esc_ca0736aa_as,344,73,B2
esc_ca0830aa_as,344,73,B2
esc_ca1020aa_as,349,73,B2
esc_ca1099aa_as,344,73,B2
esc_ca1114aa_as,343,73,B2
esc_ca1116aa_as,341,968,B2
esc_ca1371aa_as,342,73,B2
esc_ca1398aa_as,345,73,B2
esc_ca1485aa_as,332,5369,B2
esc_ca1499aa_as,337,73,B2
esc_ca1543aa_as,342,73,B2
esc_ca1635aa_as,343,73,B2
esc_ca1789aa_as,338,73,B2
esc_ca1915aa_as,341,73,B2
esc_ca1992aa_as,337,73,B2
esc_ca2055aa_as,343,73,B2
esc_ca2097aa_as,342,73,B2
esc_ca2330aa_as,341,73,B2
esc_ca2370aa_as,352,73,B2
esc_ca2380aa_as,358,73,B2
esc_ca2515aa_as,331,73,B2
esc_ca2970aa_as,330,73,B2
esc_ca3192aa_as,343,73,B2
esc_ca3410aa_as,343,73,B2
esc_ca3487aa_as,315,73,B2
esc_ca3569aa_as,345,73,B2
esc_ca3660aa_as,346,73,B2
esc_ca3699aa_as,333,73,B2
esc_ca3701aa_as,344,73,B2
esc_ca3922aa_as,345,73,B2
esc_ca3923aa_as,336,73,B2
esc_ca3952aa_as,352,73,B2
esc_ca4007aa_as,332,73,B2
esc_ca4095aa_as,339,73,B2
esc_ca4152aa_as,338,73,B2
esc_ca4306aa_as,340,73,B2
esc_ca4350aa_as,344,73,B2
esc_ca4593aa_as,336,73,B2
esc_ca4594aa_as,345,73,B2
esc_ca4698aa_as,337,73,B2
esc_ca4786aa_as,346,73,B2
esc_ca4823aa_as,342,73,B2
esc_ca4920aa_as,297,73,B2
esc_ca4924aa_as,343,73,B2
esc_ca4934aa_as,344,73,B2
esc_ca4989aa_as,338,73,B2
esc_ca5036aa_as,341,73,B2
esc_ca5075aa_as,344,73,B2
esc_ca5268aa_as,338,73,B2
esc_ca5283aa_as,344,73,B2
esc_ca5354aa_as,342,73,B2
esc_ca5356aa_as,322,73,B2
esc_ca5419aa_as,343,73,B2
esc_ca5427aa_as,332,73,B2
esc_ca5438aa_as,342,73,B2
esc_ca5466aa_as,325,73,B2
esc_ca5521aa_as,344,73,B2
esc_ca5544aa_as,345,73,B2
esc_ca5554aa_as,358,73,B2
esc_ca5691aa_as,340,73,B2
esc_ca5773aa_as,344,73,B2
esc_ca5862aa_as,345,73,B2
esc_ca5866aa_as,336,1663,B2
esc_ca5910aa_as,343,73,B2
esc_ca5925aa_as,331,73,B2
esc_ca5966aa_as,345,73,B2
esc_ca6022aa_as,331,73,B2
esc_ca6030aa_as,344,73,B2
esc_ca6100aa_as,342,73,B2
esc_ca6184aa_as,338,73,B2
esc_ca6187aa_as,355,73,B2
esc_ca6239aa_as,347,73,B2
esc_ca6305aa_as,332,73,B2
esc_ca6359aa_as,331,73,B2
esc_ca6395aa_as,338,73,B2
esc_ea6182aa_as,331,73,B2
esc_fa7056aa_as,344,73,B2
esc_fa7091aa_as,326,104,B2
esc_ga5745aa_as,358,73,B2
esc_ga6899aa_as,342,73,B2
esc_ga8790aa_as,342,73,B2
esc_ga8809aa_as,341,73,B2
esc_ga8818aa_as,355,73,B2
esc_ga8844aa_as,343,73,B2
esc_ga8851aa_as,343,73,B2
esc_ga8880aa_as,343,73,B2
esc_ga8929aa_as,339,73,B2
esc_ga8960aa_as,339,73,B2
esc_ga8972aa_as,348,73,B2
esc_ga9106aa_as,342,73,B2
esc_ga9115aa_as,341,73,B2
esc_ga9172aa_as,347,73,B2
esc_ga9210aa_as,346,73,B2
esc_ga9259aa_as,337,73,B2
esc_ga9270aa_as,340,73,B2
esc_ga9271aa_as,344,73,B2
esc_ga9313aa_as,346,73,B2
esc_ga9383aa_as,343,73,B2
esc_ga9403aa_as,342,73,B2
esc_ga9442aa_as,339,73,B2
esc_ha7974aa_as,346,73,B2
esc_ha8266aa_as,335,73,B2
esc_ha8664aa_as,350,73,B2
esc_ha8665aa_as,341,73,B2
esc_ha8666aa_as,348,74,B2
esc_ia2224aa_as,359,73,B2
esc_ia2227aa_as,341,73,B2
esc_ia2228aa_as,357,73,B2
esc_ia2234aa_as,348,73,B2
esc_ia2235aa_as,344,73,B2
esc_ia2238aa_as,344,73,B2
esc_ia2240aa_as,355,73,B2
esc_ia2242aa_as,359,73,B2
esc_ia2248aa_as,348,73,B2
esc_ia2255aa_as,349,73,B2
esc_ia2260aa_as,339,73,B2
esc_ia2265aa_as,333,73,B2
esc_ia2279aa_as,350,73,B2
esc_ia2280aa_as,342,73,B2
esc_ia6949aa_as,337,4862,B2
esc_ia7096aa_as,338,73,B2
esc_ja3771aa_as,341,73,B2
esc_ja3857aa_as,341,73,B2
esc_ja3922aa_as,336,1154,B2
esc_ja4543aa_as,341,73,B2
esc_ja4575aa_as,342,73,B2
esc_ja4657aa_as,343,73,B2
esc_ja4667aa_as,316,104,B2
esc_ja4826aa_as,340,73,B2
esc_ja5414aa_as,342,73,B2
esc_ka3850aa_as,341,73,B2
esc_ka9647aa_as,335,73,B2
esc_na8719aa_as,338,73,B2
esc_qa3731aa_as,341,73,B2
11657_5#15,335,95,B2
11657_5#2,333,95,B2
11657_5#37,347,5461,B2
11657_5#41,349,95,B2
11657_5#49,330,95,B2
11657_5#53,334,95,B2
11657_5#54,346,95,B2
11657_5#56,346,95,B2
11657_5#62,343,5425,B2
11657_5#79,322,95,B2
11657_5#84,334,95,B2
11657_5#88,326,95,B2
11657_5#96,328,95,B2
11657_6#2,334,95,B2
11657_6#21,334,95,B2
11657_6#22,351,95,B2
11657_6#35,331,79,B2
11657_6#36,346,95,B2
11657_6#45,345,95,B2
11657_6#49,342,5425,B2
11657_6#6,337,95,B2
11657_6#71,338,95,B2
11657_6#82,351,95,B2
11657_6#85,339,95,B2
11657_6#86,348,95,B2
11657_6#95,335,95,B2
11657_7#16,335,95,B2
11657_7#2,338,95,B2
11657_7#28,336,95,B2
11657_7#40,330,95,B2
11657_7#49,351,95,B2
11657_7#62,332,95,B2
11657_7#68,347,95,B2
11657_7#8,346,5678,B2
11657_7#86,354,5661,B2
11657_7#88,347,95,B2
11657_7#90,334,95,B2
11658_3#20,333,95,B2
11658_3#30,348,95,B2
11658_3#34,336,95,B2
11658_3#43,330,95,B2
11658_3#52,354,416,B2
11658_3#91,333,421,B2
11658_3#96,348,95,B2
11658_4#15,334,5484,B2
11658_4#16,348,95,B2
11658_4#20,337,95,B2
11658_4#24,347,95,B2
11658_4#25,347,95,B2
11658_4#34,343,95,B2
11658_4#37,349,95,B2
11658_4#5,328,95,B2
11658_4#58,341,95,B2
11658_4#62,352,416,B2
11658_4#64,335,95,B2
11658_4#69,334,95,B2
11658_4#91,339,95,B2
11658_5#30,345,95,B2
11658_5#33,338,95,B2
11658_5#47,339,390,B2
11658_5#6,348,95,B2
11658_5#61,333,1531,B2
11658_5#72,337,95,B2
11658_5#75,332,95,B2
11658_5#84,332,421,B2
11658_5#85,344,95,B2
11658_5#89,334,95,B2
11658_6#1,344,95,B2
11658_6#26,347,95,B2
11658_6#40,346,95,B2
11658_6#56,338,95,B2
11658_6#67,330,95,B2
11658_6#80,347,95,B2
11658_6#83,354,95,B2
11658_6#86,345,1231,B2
11658_7#1,346,95,B2
11658_7#18,351,95,B2
11658_7#39,335,421,B2
11658_7#68,335,95,B2
11658_7#70,348,95,B2
11658_7#73,330,95,B2
11658_7#81,344,95,B2
11658_7#84,333,95,B2
11658_7#88,335,421~,B2
11658_7#89,336,95,B2
11658_8#37,343,390,B2
11658_8#41,335,95,B2
11658_8#46,338,95,B2
11658_8#47,347,95,B2
11658_8#48,342,95,B2
11658_8#54,336,95,B2
11658_8#65,339,95,B2
11658_8#69,347,95,B2
11658_8#72,330,95,B2
11658_8#91,344,95,B2
11679_4#11,349,95,B2
11679_4#15,347,95,B2
11679_4#21,333,79,B2
11679_4#29,332,79,B2
11679_4#36,337,95,B2
11679_4#45,349,95,B2
11679_4#48,344,95,B2
11679_4#5,326,95,B2
11679_4#60,348,5360,B2
11679_4#63,348,95,B2
11679_4#72,345,95,B2
11679_4#88,347,95,B2
11679_4#90,333,95~,B2
11679_5#3,335,95,B2
11679_5#37,334,95,B2
11679_5#38,333,95,B2
11679_5#39,345,95,B2
11679_5#55,350,95,B2
11679_5#83,348,5526,B2
11679_5#84,327,95,B2
11679_5#86,339,95,B2
11679_5#9,344,95,B2
11679_5#91,335,95,B2
11679_5#96,334,95,B2
11679_6#26,335,95,B2
11679_6#27,335,95,B2
11679_6#29,346,95,B2
11679_6#3,334,421,B2
11679_6#36,351,95,B2
11679_6#40,345,95,B2
11679_6#42,348,95,B2
11679_6#44,347,95,B2
11679_6#60,341,95,B2
11679_6#65,346,95,B2
11679_6#69,342,1231,B2
11679_6#74,333,95,B2
11679_7#1,340,95,B2
11679_7#16,348,95,B2
11679_7#35,337,95,B2
11679_7#40,346,5360,B2
11679_7#46,338,95,B2
11679_7#48,335,95,B2
11679_7#55,332,421,B2
11679_7#57,333,95,B2
11679_7#6,351,95,B2
11679_8#14,334,95,B2
11679_8#16,335,95,B2
11679_8#37,350,95,B2
11679_8#45,346,95,B2
11679_8#60,347,95,B2
11679_8#7,331,95,B2
11679_8#82,339,95,B2
11679_8#9,343,95,B2
11791_3#38,346,95,B2
11791_3#73,346,390,B2
11791_3#74,331,95,B2
11791_3#8,355,95,B2
11791_3#86,343,95,B2
11791_6#20,334,95,B2
11791_6#21,347,95,B2
11791_6#26,340,95,B2
11791_6#36,337,95,B2
11791_6#4,343,95,B2
11791_7#11,335,95,B2
11791_7#15,349,95,B2
11791_7#18,346,95,B2
11791_7#20,333,95,B2
11791_7#23,346,95,B2
11791_7#24,336,95,B2
11791_7#33,346,95,B2
11791_7#35,325,95,B2
11791_7#38,347,95,B2
12045_3#57,329,95,B2
12045_3#66,324,95,B2
38670_F01_contigs_pacbio,333,95,B2
40105_A01_contigs_canu_1_6,334,95~,B2
40363_D01_contigs_pacbio,334,95,B2
40363_E01_contigs_pacbio,350,95,B2
9776_2#90,330,95,B2
9803_5#64,329,95,B2
CP021288,347,95,B2
JSFR00000000,351,95,B2
JSGK00000000,347,95,B2
JSGO00000000,346,95,B2
JSGP00000000,346,95,B2
JSGR00000000,344,95,B2
JSHB00000000,336,421,B2
JSHC00000000,344,95,B2
JSHL00000000,345,95,B2
JSHO00000000,351,5646,B2
JSIS00000000,342,5357,B2
JSJM00000000,351,95,B2
JSJQ00000000,341,95,B2
JSJS00000000,343,95,B2
JSKD00000000,351,2619,B2
JSKE00000000,337,421,B2
JSKF00000000,336,421,B2
JSLC00000000,342,95,B2
JSLP00000000,346,95,B2
JSLY00000000,328,95,B2
JSMN00000000,344,95,B2
JSMT00000000,348,95,B2
JSNG00000000,340,95,B2
JSNM00000000,347,95,B2
JSNP00000000,338,95,B2
JSNU00000000,347,95,B2
JSNW00000000,334,95,B2
JSOL00000000,344,390,B2
JSOU00000000,341,95,B2
JSPR00000000,348,95,B2
JSQI00000000,341,95,B2
JSSP00000000,346,95,B2
NC_007946,345,95,B2
NC_008563,340,95,B2
NC_011742,334,95,B2
NC_017628,354,95,B2
NC_017632,342,643,B2
SRR1314468_trimmed,345,95,B2
SRR4897466_trimmed,327,95,B2
SRR5005502_trimmed,332,95,B2
SRR5006424_trimmed,329,95,B2
SRR5029852_trimmed,342,95,B2
SRR5031235_trimmed,336,95,B2
SRR5033720_trimmed,326,95,B2
SRR7187020_trimmed,323,421~,B2
SRR7187758_trimmed,320,95,B2
SRR7191535_trimmed,330,95~,B2
SRR7191545_trimmed,349,95,B2
SRR7204197_trimmed,291,95~,B2
SRR7208638_trimmed,324,95~,B2
SRR7221241_trimmed,299,95~,B2
SRR7221261_trimmed,332,95,B2
SRR7256972_trimmed,325,95~,B2
SRR7266386_trimmed,308,95~,B2
SRR7274751_trimmed,278,95~,B2
SRR7277733_trimmed,307,95~,B2
SRR7283677_trimmed,331,421,B2
SRR7358054_trimmed,327,95~,B2
SRR7500912_trimmed,280,95~,B2
SRR7834590_trimmed,334,421,B2
esc_ba4626aa_as,349,95,B2
esc_ba6230aa_as,337,95,B2
esc_ba6983aa_as,326,95,B2
esc_ba7524aa_as,347,95,B2
esc_ba7641aa_as,334,95,B2
esc_ba8085aa_as,342,95,B2
esc_ba8137aa_as,337,95,B2
esc_ba8258aa_as,346,95,B2
esc_ba8374aa_as,337,95,B2
esc_ba9076aa_as,347,95,B2
esc_ca0253aa_as,346,95,B2
esc_ca0423aa_as,333,5407,B2
esc_ca0677aa_as,349,95,B2
esc_ca0711aa_as,351,95,B2
esc_ca0942aa_as,331,95,B2
esc_ca0987aa_as,336,95,B2
esc_ca1134aa_as,348,95,B2
esc_ca1554aa_as,330,95,B2
esc_ca2031aa_as,342,95,B2
esc_ca2085aa_as,341,95,B2
esc_ca2128aa_as,330,95,B2
esc_ca2638aa_as,344,95,B2
esc_ca2654aa_as,345,95,B2
esc_ca2708aa_as,328,95,B2
esc_ca2823aa_as,336,95,B2
esc_ca3069aa_as,349,95,B2
esc_ca3089aa_as,337,95,B2
esc_ca3176aa_as,351,95,B2
esc_ca3197aa_as,346,390,B2
esc_ca3530aa_as,327,95,B2
esc_ca3553aa_as,350,95,B2
esc_ca3698aa_as,333,95,B2
esc_ca3955aa_as,335,421,B2
esc_ca4056aa_as,339,95,B2
esc_ca4172aa_as,344,95,B2
esc_ca4203aa_as,334,95,B2
esc_ca4416aa_as,334,95,B2
esc_ca4774aa_as,351,95,B2
esc_ca4887aa_as,349,95,B2
esc_ca4893aa_as,350,95,B2
esc_ca5088aa_as,349,95,B2
esc_ca5131aa_as,346,95,B2
esc_ca5222aa_as,335,95,B2
esc_ca5420aa_as,345,95,B2
esc_ca5432aa_as,335,421,B2
esc_ca5467aa_as,333,95,B2
esc_ca5479aa_as,339,95,B2
esc_ca5548aa_as,330,95,B2
esc_ca5584aa_as,327,95,B2
esc_ca5697aa_as,349,95,B2
esc_ca5710aa_as,335,95,B2
esc_ca5852aa_as,337,95,B2
esc_ca5933aa_as,331,95,B2
esc_ca6132aa_as,349,95,B2
esc_ca6221aa_as,334,95,B2
esc_ca6245aa_as,349,95,B2
esc_ca6287aa_as,334,95,B2
esc_ca6295aa_as,343,95,B2
esc_fa1638aa_as,331,95,B2
esc_fa7190aa_as,328,95,B2
esc_ga8819aa_as,347,95,B2
esc_ga8857aa_as,334,95,B2
esc_ga9224aa_as,352,95,B2
esc_ga9272aa_as,326,95,B2
esc_ha0198aa_as,351,95,B2
esc_ha0238aa_as,345,95,B2
esc_ha0490aa_as,339,95,B2
esc_ha0689aa_as,341,95,B2
esc_ha8230aa_as,346,95,B2
esc_ha8271aa_as,349,95,B2
esc_ha8279aa_as,349,95,B2
esc_ha8322aa_as,332,79,B2
esc_ha8658aa_as,333,79,B2
esc_ia1449aa_as,346,95,B2
esc_ia2216aa_as,349,95,B2
esc_ia2220aa_as,351,95,B2
esc_ia2221aa_as,345,95,B2
esc_ia2225aa_as,346,95,B2
esc_ia2226aa_as,347,95,B2
esc_ia2233aa_as,347,95,B2
esc_ia2239aa_as,345,95,B2
esc_ia2257aa_as,347,95,B2
esc_ia2262aa_as,345,95,B2
esc_ia2264aa_as,344,95,B2
esc_ia2269aa_as,348,95,B2
esc_ja3774aa_as,344,95,B2
esc_ja3853aa_as,337,95,B2
esc_ja4010aa_as,334,95,B2
esc_ja4488aa_as,342,95,B2
esc_ja4566aa_as,337,95,B2
esc_ja4609aa_as,343,95,B2
esc_ja4785aa_as,342,95,B2
esc_ja8284aa_as,341,95,B2
esc_ja8368aa_as,345,95,B2
esc_ja9326aa_as,332,95,B2
esc_ka0604aa_as,336,95,B2
esc_ka0652aa_as,337,95,B2
esc_ka3859aa_as,329,95,B2
esc_ka4244aa_as,345,95,B2
esc_ka4607aa_as,336,95,B2
esc_ka6867aa_as,337,95,B2
esc_la5730aa_as,351,95,B2
esc_la5735aa_as,350,95,B2
esc_la5763aa_as,343,95,B2
esc_na7715aa_as,354,416,B2
esc_pa0719aa_as,354,416,B2
esc_pa0720aa_as,353,416,B2
esc_pa0721aa_as,353,416,B2
esc_pa0722aa_as,353,416,B2
esc_pa0723aa_as,354,416,B2
esc_pa0724aa_as,352,416,B2
esc_pa0725aa_as,353,416,B2
esc_pa0726aa_as,354,416,B2
esc_pa0727aa_as,354,416,B2
esc_pa0728aa_as,354,416,B2
esc_pa0729aa_as,353,416,B2
esc_pa0730aa_as,354,416,B2
esc_pa0731aa_as,354,416,B2
esc_pa0732aa_as,354,416,B2
esc_pa0779aa_as,353,416,B2
esc_pa0780aa_as,352,416,B2
esc_pa0782aa_as,352,416,B2
esc_pa0788aa_as,352,416,B2
esc_pa0792aa_as,353,416,B2
esc_pa1004aa_as,354,416,B2
esc_pa1352aa_as,354,416,B2
esc_pa1356aa_as,351,95,B2
esc_qa2182aa_as,343,95,B2
8205_3#8,300,17,B1
AICC00000000,300,17,B1
NC_013353,306,17,B1
SRR5030799_trimmed,273,386~,B1
SRR5030820_trimmed,294,376,B1
SRR5031109_trimmed,311,17,B1
SRR5031225_trimmed,310,17,B1
SRR7163937_trimmed,303,17,B1
SRR7172301_trimmed,270,17,B1
SRR7184213_trimmed,284,17~,B1
SRR7184242_trimmed,313,17,B1
SRR7184374_trimmed,279,17,B1
SRR7186942_trimmed,309,17,B1
SRR7187033_trimmed,282,17,B1
SRR7187869_trimmed,309,17,B1
SRR7191470_trimmed,210,17~,B1
SRR7204370_trimmed,293,17,B1
SRR7215285_trimmed,300,17,B1
SRR7215528_trimmed,260,17,B1
SRR7215566_trimmed,236,17~,B1
SRR7215900_trimmed,313,17,B1
SRR7221100_trimmed,310,17,B1
SRR7221260_trimmed,305,17,B1
SRR7223136_trimmed,237,17~,B1
SRR7236443_trimmed,300,8293,B1
SRR7236600_trimmed,274,386~,B1
SRR7244232_trimmed,304,17,B1
SRR7244271_trimmed,300,17,B1
SRR7244330_trimmed,294,17,B1
SRR7249825_trimmed,307,17,B1
SRR7265738_trimmed,300,17,B1
SRR7266778_trimmed,301,17,B1
SRR7274802_trimmed,309,17~,B1
SRR7285487_trimmed,307,386,B1
SRR7286444_trimmed,250,17~,B1
SRR7286448_trimmed,295,3~,B1
SRR7291000_trimmed,301,17,B1
SRR7291007_trimmed,289,17,B1
SRR7291628_trimmed,309,17,B1
SRR7358006_trimmed,258,17~,B1
SRR7401609_trimmed,264,17,B1
SRR7401643_trimmed,316,17,B1
SRR7407920_trimmed,249,17,B1
SRR7407922_trimmed,311,17,B1
SRR7407925_trimmed,269,386~,B1
SRR7407952_trimmed,301,17,B1
SRR7416069_trimmed,277,17~,B1
SRR7500967_trimmed,296,386,B1
SRR7505871_trimmed,310,386,B1
SRR7833098_trimmed,308,17,B1
SRR7838552_trimmed,309,17,B1
esc_aa8380aa_as,303,17,B1
esc_ba7418aa_as,315,17,B1
esc_ba8149aa_as,308,17,B1
esc_ba8491aa_as,311,17,B1
esc_ca0586aa_as,311,17,B1
esc_ca0971aa_as,304,17,B1
esc_ca3687aa_as,309,17,B1
esc_ca3808aa_as,306,17,B1
esc_ca5033aa_as,306,17,B1
esc_ca5714aa_as,307,17,B1
esc_ca6406aa_as,309,17,B1
esc_ca6659aa_as,305,17,B1
esc_fa7066aa_as,311,17,B1
esc_fa7671aa_as,316,17,B1
esc_fa7689aa_as,306,1967,B1
esc_fa7690aa_as,316,17,B1
esc_fa7692aa_as,314,17,B1
esc_fa7693aa_as,316,17,B1
esc_fa8281aa_as,316,17,B1
esc_fa8436aa_as,308,1967,B1
esc_fa8438aa_as,307,1967,B1
esc_fa8441aa_as,303,1967,B1
esc_fa9654aa_as,314,17,B1
esc_ga0131aa_as,316,17,B1
esc_ga0142aa_as,306,17,B1
esc_ga0146aa_as,315,17,B1
esc_ga0463aa_as,314,17,B1
esc_ga0465aa_as,316,17,B1
esc_ga3642aa_as,304,17,B1
esc_ga3682aa_as,304,17,B1
esc_ga5381aa_as,315,17,B1
esc_ga6510aa_as,306,1967,B1
esc_ga7657aa_as,325,17,B1
esc_ga8048aa_as,304,1967,B1
esc_ga8058aa_as,316,17,B1
esc_ga8068aa_as,306,1967,B1
esc_ga8072aa_as,302,1967,B1
esc_ga8850aa_as,316,17,B1
esc_ga8903aa_as,306,17,B1
esc_ga8921aa_as,319,386,B1
esc_ga8936aa_as,320,386,B1
esc_ga9004aa_as,309,386,B1
esc_ga9114aa_as,307,17,B1
esc_ga9152aa_as,309,17,B1
esc_ga9201aa_as,316,386,B1
esc_ga9311aa_as,320,386,B1
esc_ga9583aa_as,304,1967,B1
esc_ga9587aa_as,314,17,B1
esc_ga9590aa_as,306,1967,B1
esc_ha0173aa_as,312,6346,B1
esc_ha0200aa_as,316,17,B1
esc_ha0778aa_as,305,17,B1
esc_ha0921aa_as,305,1967,B1
esc_ha0922aa_as,304,1967,B1
esc_ha0927aa_as,305,1967,B1
esc_ha0928aa_as,307,17,B1
esc_ha0929aa_as,307,17,B1
esc_ha0930aa_as,304,1967,B1
esc_ha3035aa_as,315,17,B1
esc_ha3938aa_as,316,17,B1
esc_ha3944aa_as,315,17,B1
esc_ha3949aa_as,315,17,B1
esc_ha3952aa_as,313,17,B1
esc_ha3953aa_as,316,17,B1
esc_ha3954aa_as,309,17,B1
esc_ha3955aa_as,324,17,B1
esc_ha3972aa_as,312,17,B1
esc_ha3998aa_as,315,17,B1
esc_ha4003aa_as,306,1786,B1
esc_ha4014aa_as,306,17,B1
esc_ha4020aa_as,307,17,B1
esc_ha4021aa_as,316,17,B1
esc_ha4260aa_as,314,17,B1
esc_ha5460aa_as,315,17,B1
esc_ha5496aa_as,314,17,B1
esc_ha6171aa_as,315,17,B1
esc_ha6172aa_as,311,17,B1
esc_ha6173aa_as,306,17,B1
esc_ha6175aa_as,315,17,B1
esc_ha6176aa_as,304,1967,B1
esc_ha6177aa_as,316,17,B1
esc_ha6178aa_as,307,17,B1
esc_ha6193aa_as,324,17,B1
esc_ha7276aa_as,315,17,B1
esc_ha8029aa_as,304,17,B1
esc_ha8858aa_as,316,17,B1
esc_ha8861aa_as,303,17,B1
esc_ha8865aa_as,315,17,B1
esc_ha8867aa_as,316,17,B1
esc_ha8870aa_as,316,17,B1
esc_ha8871aa_as,317,17,B1
esc_ha9385aa_as,317,17,B1
esc_ia0311aa_as,316,17,B1
esc_ia0312aa_as,316,17,B1
esc_ia0314aa_as,316,17,B1
esc_ia0318aa_as,315,17,B1
esc_ia0319aa_as,311,17,B1
esc_ia0349aa_as,304,1967,B1
esc_ia0350aa_as,303,1967,B1
esc_ia0353aa_as,315,17,B1
esc_ia0828aa_as,304,1967,B1
esc_ia1244aa_as,304,17,B1
esc_ia1679aa_as,311,17,B1
esc_ia1875aa_as,316,17,B1
esc_ia7153aa_as,304,17,B1
esc_ia7835aa_as,306,17,B1
esc_ja3856aa_as,316,17,B1
esc_ja3884aa_as,320,386,B1
esc_ja4187aa_as,307,17,B1
esc_ja4374aa_as,303,17,B1
esc_ja5421aa_as,308,17,B1
esc_ja7628aa_as,305,17,B1
esc_ka1144aa_as,305,17,B1
esc_ka1164aa_as,313,17,B1
esc_ka1269aa_as,308,17,B1
esc_ka2155aa_as,316,17,B1
esc_ka3858aa_as,309,17,B1
esc_ka3860aa_as,309,17,B1
esc_ka6853aa_as,305,17,B1
esc_ka6854aa_as,310,17,B1
esc_ka6900aa_as,315,17,B1
esc_ka7572aa_as,315,17,B1
esc_ka7574aa_as,309,17,B1
esc_la1924aa_as,316,7216,B1
esc_la3161aa_as,304,1967,B1
esc_la4422aa_as,316,17,B1
esc_la4766aa_as,316,17,B1
esc_la4785aa_as,316,17,B1
esc_la5262aa_as,314,17,B1
esc_la5755aa_as,305,17,B1
esc_la5813aa_as,306,17,B1
esc_la6612aa_as,315,17,B1
esc_ma3107aa_as,315,17,B1
esc_ma3110aa_as,307,17,B1
esc_na8315aa_as,317,17,B1
esc_na8670aa_as,311,17,B1
esc_na8712aa_as,307,17,B1
esc_na9218aa_as,316,17,B1
esc_oa1379aa_as,306,1967,B1
esc_oa1605aa_as,316,17,B1
esc_pa9394aa_as,303,1967,B1
esc_pa9400aa_as,316,17,B1
esc_qa2088aa_as,308,17,B1
esc_qa2181aa_as,307,17,B1
esc_qa2183aa_as,307,17,B1
esc_qa2875aa_as,252,386~,B1
esc_qa2879aa_as,303,17,B1
esc_qa2891aa_as,306,17,B1
esc_qa4372aa_as,317,17,B1
esc_qa9806aa_as,303,1967,B1
esc_qa9821aa_as,312,17,B1
esc_qa9938aa_as,309,17,B1
esc_ra0306aa_as,304,1967,B1
esc_ra0310aa_as,307,17,B1
esc_ra0313aa_as,305,1967,B1
esc_ra0689aa_as,306,17,B1
esc_ra0690aa_as,308,17,B1
esc_ra0691aa_as,305,17,B1
esc_ra1234aa_as,311,17,B1
esc_ra1240aa_as,311,17,B1
esc_ra1558aa_as,314,17,B1
esc_ra2321aa_as,317,17,B1
esc_ra2328aa_as,315,17,B1
esc_ra2348aa_as,309,17,B1
esc_ra2385aa_as,311,17,B1
esc_ra2387aa_as,311,17,B1
esc_ra2663aa_as,305,1967,B1
esc_ra3582aa_as,315,17,B1
esc_ra3583aa_as,316,17,B1
esc_ra3585aa_as,315,17,B1
esc_ra3586aa_as,311,17,B1
esc_ra3596aa_as,310,17,B1
esc_ra3599aa_as,315,17,B1
esc_ra3601aa_as,303,1967,B1
esc_ra3699aa_as,307,17,B1
esc_ra3706aa_as,310,17,B1
esc_ra3715aa_as,307,17,B1
esc_ra3722aa_as,307,17,B1
esc_ra3723aa_as,308,17,B1
esc_ra3726aa_as,315,17,B1
esc_ra4203aa_as,314,17,B1
esc_ra4211aa_as,315,17,B1
esc_ra4214aa_as,316,17,B1
esc_ra4412aa_as,308,17,B1
esc_ra4680aa_as,312,17,B1
esc_ra4683aa_as,306,17,B1
38389_F01_contigs_pacbio,304,21,B1
40311_C01_contigs_pacbio,299,396,B1
8205_3#37,299,21,B1
AIAC00000000,301,29,B1
AIAG00000000,296,21,B1
AIBR00000000,299,29,B1
NC_013361,305,21,B1
SRR5029668_trimmed,288,29,B1
SRR5029700_trimmed,300,21,B1
SRR5029845_trimmed,301,29,B1
SRR7187799_trimmed,300,8275,B1
SRR7588698_trimmed,290,21,B1
SRR7839348_trimmed,299,21,B1
esc_aa7929aa_as,305,21,B1
esc_aa8012aa_as,306,21,B1
esc_aa9090aa_as,307,21,B1
esc_aa9419aa_as,303,21,B1
esc_aa9971aa_as,305,21,B1
esc_ba0048aa_as,298,21,B1
esc_ba0292aa_as,302,29,B1
esc_ba0620aa_as,304,29,B1
esc_ba0702aa_as,304,21,B1
esc_ba0968aa_as,303,21,B1
esc_ba1678aa_as,307,29,B1
esc_ba2773aa_as,313,21,B1
esc_ba2923aa_as,307,21,B1
esc_ba3176aa_as,305,21,B1
esc_ba3534aa_as,313,21,B1
esc_ba4011aa_as,299,21,B1
esc_ba4091aa_as,299,21,B1
esc_ba5358aa_as,302,723,B1
esc_ba5573aa_as,305,21,B1
esc_ba6922aa_as,306,21,B1
esc_ba7971aa_as,315,21,B1
esc_ba9064aa_as,314,21,B1
esc_ba9185aa_as,304,21,B1
esc_ba9335aa_as,300,21,B1
esc_ca1107aa_as,304,21,B1
esc_ca1207aa_as,300,21,B1
esc_ca1744aa_as,314,21,B1
esc_ca1841aa_as,307,21,B1
esc_ca2890aa_as,304,21,B1
esc_ca3286aa_as,299,21,B1
esc_ca3412aa_as,314,21,B1
esc_ca3616aa_as,315,21,B1
esc_ca4266aa_as,293,29,B1
esc_ca4654aa_as,304,21,B1
esc_ca5018aa_as,304,21,B1
esc_ca5117aa_as,299,5555,B1
esc_ca6682aa_as,303,21,B1
esc_fa7041aa_as,302,21,B1
esc_fa7669aa_as,303,21,B1
esc_fa7673aa_as,304,21,B1
esc_fa7674aa_as,303,21,B1
esc_fa7675aa_as,302,21,B1
esc_fa7691aa_as,303,21,B1
esc_fa7717aa_as,301,21,B1
esc_fa7718aa_as,305,21,B1
esc_fa8285aa_as,301,723,B1
esc_fa8440aa_as,294,29,B1
esc_fa8445aa_as,304,21,B1
esc_ga0113aa_as,301,21,B1
esc_ga0143aa_as,304,21,B1
esc_ga0145aa_as,304,21,B1
esc_ga0147aa_as,305,21,B1
esc_ga0148aa_as,301,21,B1
esc_ga0426aa_as,304,21,B1
esc_ga0458aa_as,304,21,B1
esc_ga0460aa_as,306,21,B1
esc_ga0464aa_as,311,723,B1
esc_ga5813aa_as,305,21,B1
esc_ga5814aa_as,301,21,B1
esc_ga5817aa_as,304,21,B1
esc_ga5819aa_as,299,21,B1
esc_ga5820aa_as,302,21,B1
esc_ga6505aa_as,299,21,B1
esc_ga6508aa_as,305,21,B1
esc_ga6511aa_as,304,21,B1
esc_ga6513aa_as,304,21,B1
esc_ga6514aa_as,304,21,B1
esc_ga8049aa_as,302,21,B1
esc_ga8051aa_as,305,21,B1
esc_ga9588aa_as,304,21,B1
esc_ga9591aa_as,304,21,B1
esc_ga9592aa_as,305,21,B1
esc_ha0201aa_as,305,21,B1
esc_ha0781aa_as,296,21,B1
esc_ha0902aa_as,303,6366,B1
esc_ha0919aa_as,304,21,B1
esc_ha0923aa_as,306,21,B1
esc_ha2655aa_as,304,29,B1
esc_ha3593aa_as,300,21,B1
esc_ha3945aa_as,301,21,B1
esc_ha3947aa_as,305,21,B1
esc_ha3948aa_as,300,21,B1
esc_ha3950aa_as,305,21,B1
esc_ha3956aa_as,314,21,B1
esc_ha3970aa_as,307,21,B1
esc_ha4001aa_as,304,21,B1
esc_ha4002aa_as,304,21,B1
esc_ha4013aa_as,304,21,B1
esc_ha4016aa_as,308,21,B1
esc_ha4017aa_as,304,21,B1
esc_ha4018aa_as,305,21,B1
esc_ha4019aa_as,300,21,B1
esc_ha4387aa_as,300,21,B1
esc_ha4416aa_as,304,21,B1
esc_ha6167aa_as,306,21,B1
esc_ha6168aa_as,306,21,B1
esc_ha6182aa_as,292,21,B1
esc_ha6428aa_as,303,723,B1
esc_ha6431aa_as,305,21,B1
esc_ha7275aa_as,302,21,B1
esc_ha7278aa_as,304,21,B1
esc_ha7879aa_as,304,21,B1
esc_ha8028aa_as,301,21,B1
esc_ha8140aa_as,305,21,B1
esc_ha8859aa_as,298,21,B1
esc_ha8866aa_as,300,21,B1
esc_ha9153aa_as,305,21,B1
esc_ha9387aa_as,299,21,B1
esc_ia0310aa_as,300,21,B1
esc_ia0313aa_as,300,21,B1
esc_ia0317aa_as,303,21,B1
esc_ia0320aa_as,304,21,B1
esc_ia0348aa_as,304,21,B1
esc_ia0829aa_as,303,21,B1
esc_ia0831aa_as,304,21,B1
esc_ia0832aa_as,302,21,B1
esc_ia0833aa_as,305,21,B1
esc_ia0863aa_as,305,21,B1
esc_ia0864aa_as,304,21,B1
esc_ia1222aa_as,305,21,B1
esc_ia1874aa_as,302,21,B1
esc_ia1876aa_as,303,21,B1
esc_ia7689aa_as,304,21,B1
esc_ia7690aa_as,306,21,B1
esc_ja1029aa_as,306,21,B1
esc_ja1030aa_as,300,21,B1
esc_ja1034aa_as,302,113,B1
esc_ja3819aa_as,301,29,B1
esc_ja4171aa_as,305,21,B1
esc_ja4173aa_as,304,21,B1
esc_ja4590aa_as,302,29,B1
esc_ja9024aa_as,302,29,B1
esc_ka5966aa_as,299,21,B1
esc_ka5969aa_as,305,29,B1
esc_ka5975aa_as,304,21,B1
esc_ka5976aa_as,305,21,B1
esc_ka5981aa_as,305,21,B1
esc_ka5982aa_as,304,21,B1
esc_ka5984aa_as,304,21,B1
esc_ka5986aa_as,301,21,B1
esc_ka5987aa_as,300,21,B1
esc_ka5988aa_as,307,21,B1
esc_ka5990aa_as,303,21,B1
esc_ka5991aa_as,305,21,B1
esc_ka5992aa_as,305,6277,B1
esc_ka5993aa_as,303,21,B1
esc_ka5994aa_as,310,21,B1
esc_ka5996aa_as,305,29,B1
esc_ka5999aa_as,305,21,B1
esc_ka6000aa_as,305,21,B1
esc_ka6002aa_as,303,21,B1
esc_ka6007aa_as,305,21,B1
esc_ka6008aa_as,304,21,B1
esc_ka6010aa_as,305,21,B1
esc_ka6011aa_as,295,21,B1
esc_ka6014aa_as,305,21,B1
esc_ka6018aa_as,306,21,B1
esc_ka6019aa_as,303,21,B1
esc_ka6021aa_as,305,21,B1
esc_ka6023aa_as,307,21,B1
esc_ka6024aa_as,301,21,B1
esc_ka6025aa_as,302,21,B1
esc_ka6038aa_as,303,21,B1
esc_ka7582aa_as,304,21,B1
esc_ka9757aa_as,305,21,B1
esc_la1455aa_as,298,21,B1
esc_la1461aa_as,305,29,B1
esc_la1462aa_as,305,21,B1
esc_la1464aa_as,305,29,B1
esc_la1923aa_as,304,21,B1
esc_la4408aa_as,301,5429,B1
esc_la4415aa_as,303,21,B1
esc_la4417aa_as,305,21,B1
esc_la4418aa_as,304,21,B1
esc_la4420aa_as,304,21,B1
esc_la4421aa_as,304,21,B1
esc_la4426aa_as,301,21,B1
esc_la4429aa_as,301,21,B1
esc_la4734aa_as,304,21,B1
esc_la4735aa_as,304,21,B1
esc_la5025aa_as,304,21,B1
esc_la5641aa_as,300,21,B1
esc_la5737aa_as,301,21,B1
esc_la5740aa_as,300,21,B1
esc_la5743aa_as,307,21,B1
esc_la5804aa_as,304,21,B1
esc_la5808aa_as,299,21,B1
esc_la5819aa_as,305,21,B1
esc_ma3114aa_as,304,21,B1
esc_na8313aa_as,301,21,B1
esc_na8316aa_as,305,21,B1
esc_na8681aa_as,305,21,B1
esc_na8686aa_as,301,21,B1
esc_oa1598aa_as,300,21,B1
esc_pa1832aa_as,301,21,B1
esc_pa2748aa_as,304,29,B1
esc_pa9412aa_as,303,21,B1
esc_pa9419aa_as,302,21,B1
esc_qa3413aa_as,299,21,B1
esc_qa3462aa_as,304,21,B1
esc_qa4375aa_as,305,21,B1
esc_qa4384aa_as,304,21,B1
esc_qa9932aa_as,306,21,B1
esc_ra1235aa_as,301,21,B1
esc_ra1238aa_as,301,21,B1
esc_ra1561aa_as,303,21,B1
esc_ra1839aa_as,308,21,B1
esc_ra1844aa_as,305,21,B1
esc_ra1854aa_as,304,21,B1
esc_ra2313aa_as,299,21,B1
esc_ra2316aa_as,302,21,B1
esc_ra2319aa_as,303,21,B1
esc_ra2329aa_as,302,21,B1
esc_ra3274aa_as,298,29,B1
esc_ra3567aa_as,306,21,B1
esc_ra3584aa_as,304,21,B1
esc_ra3588aa_as,306,21,B1
esc_ra3593aa_as,301,21,B1
esc_ra3594aa_as,304,21,B1
esc_ra3595aa_as,304,21,B1
esc_ra3600aa_as,304,21,B1
esc_ra3613aa_as,299,21,B1
esc_ra4209aa_as,304,21,B1
esc_ra4420aa_as,304,21,B1
esc_ra4681aa_as,302,21,B1
esc_ra5205aa_as,299,21,B1
11657_5#14,309,69,D
11657_5#35,300,106,D
11657_5#67,319,69,D
11657_6#43,306,69,D
11657_6#44,296,106,D
11657_6#84,305,69,D
11657_6#88,299,69,D
11657_7#64,311,69,D
11658_3#3,314,69,D
11658_3#49,303,69,D
11658_3#68,318,69,D
11658_3#72,302,69,D
11658_3#87,313,69,D
11658_3#9,310,69,D
11658_3#90,307,69,D
11658_4#11,309,69,D
11658_4#12,310,69,D
11658_4#3,311,69,D
11658_4#70,312,69,D
11658_5#10,312,69,D
11658_5#13,296,69,D
11658_5#49,310,5520,D
11658_5#56,308,69,D
11658_5#80,306,69,D
11658_6#17,321,69,D
11658_6#19,317,69,D
11658_6#23,306,69,D
11658_6#32,315,69,D
11658_6#42,308,69,D
11658_6#47,313,69,D
11658_7#3,313,69,D
11658_7#34,319,69,D
11658_7#6,312,69,D
11658_7#76,311,69,D
11658_8#26,313,69,D
11658_8#57,310,69,D
11658_8#75,313,69,D
11679_4#65,303,69,D
11679_4#73,315,69,D
11679_4#87,311,69,D
11679_5#34,304,69,D
11679_5#4,308,69,D
11679_5#52,317,69,D
11679_5#58,296,106,D
11679_5#66,306,69,D
11679_5#76,315,69,D
11679_5#93,314,69,D
11679_5#95,310,69,D
11679_6#10,300,69,D
11679_6#4,300,69,D
11679_6#70,307,5639,D
11679_6#75,304,69,D
11679_6#79,308,69,D
11679_6#82,304,69,D
11679_6#9,310,69,D
11679_6#90,310,69,D
11679_7#32,304,69,D
11679_7#37,310,69,D
11679_7#83,300,69,D
11679_7#84,300,69,D
11679_8#2,312,69,D
11679_8#35,309,69,D
11679_8#36,308,69,D
11679_8#43,309,69,D
11679_8#47,310,69,D
11679_8#48,303,69,D
11679_8#50,310,69,D
11679_8#58,312,69,D
11679_8#66,311,69,D
11679_8#68,306,69,D
11679_8#69,307,69,D
11679_8#76,310,69,D
11679_8#79,309,69,D
11791_3#16,297,106,D
11791_3#19,325,69,D
11791_3#2,314,69,D
11791_3#44,310,69,D
11791_3#54,311,69,D
11791_3#65,311,69,D
11791_3#66,311,69,D
11791_3#80,309,69,D
11791_6#2,310,69,D
11791_6#3,320,69,D
11791_7#36,314,69,D
11791_7#53,310,69,D
12045_3#58,309,69,D
JSGW00000000,311,69,D
JSJL00000000,305,69,D
JSJN00000000,307,69,D
JSLW00000000,296,69,D
JSNF00000000,309,69,D
JSQK00000000,303,69,D
JSQM00000000,311,69,D
JSQX00000000,312,69,D
JSQY00000000,311,69,D
JSQZ00000000,312,69,D
JSST00000000,308,69,D
NC_011751,312,597,D
SRR7221096_trimmed,303,69,D
SRR7256988_trimmed,309,69,D
SRR7265964_trimmed,320,69,D
SRR7290930_trimmed,308,69,D
SRR7291910_trimmed,303,69,D
SRR7291922_trimmed,308,69,D
esc_ba5409aa_as,300,69,D
esc_ba7800aa_as,306,69,D
esc_ba7822aa_as,322,69,D
esc_ba7827aa_as,312,69,D
esc_ba8118aa_as,311,69,D
esc_ba8910aa_as,305,5355,D
esc_ba8996aa_as,316,69,D
esc_ba9120aa_as,310,69,D
esc_ca0162aa_as,313,69,D
esc_ca0477aa_as,309,69,D
esc_ca1196aa_as,311,69,D
esc_ca1226aa_as,304,69,D
esc_ca1417aa_as,312,69,D
esc_ca1654aa_as,317,69,D
esc_ca1708aa_as,310,69,D
esc_ca1740aa_as,311,69,D
esc_ca1803aa_as,312,69,D
esc_ca2022aa_as,311,69,D
esc_ca2176aa_as,311,69,D
esc_ca2185aa_as,311,69,D
esc_ca2441aa_as,311,69,D
esc_ca2562aa_as,290,69,D
esc_ca2712aa_as,315,69,D
esc_ca2868aa_as,316,69,D
esc_ca2909aa_as,311,69,D
esc_ca2915aa_as,305,69,D
esc_ca2944aa_as,307,69,D
esc_ca3498aa_as,311,69,D
esc_ca3646aa_as,321,69,D
esc_ca3679aa_as,303,69,D
esc_ca3721aa_as,310,69,D
esc_ca3762aa_as,311,69,D
esc_ca3809aa_as,312,69,D
esc_ca3978aa_as,310,69,D
esc_ca4067aa_as,308,69,D
esc_ca4119aa_as,303,69,D
esc_ca4207aa_as,316,69,D
esc_ca4331aa_as,311,69,D
esc_ca4429aa_as,316,69,D
esc_ca4706aa_as,314,69,D
esc_ca4768aa_as,311,69,D
esc_ca4777aa_as,312,69,D
esc_ca4848aa_as,311,69,D
esc_ca4860aa_as,309,69,D
esc_ca4938aa_as,306,69,D
esc_ca5025aa_as,313,69,D
esc_ca5129aa_as,303,69,D
esc_ca5542aa_as,311,69,D
esc_ca5581aa_as,311,69,D
esc_ca5871aa_as,303,69,D
esc_ca6205aa_as,313,69,D
esc_ca6319aa_as,311,69,D
esc_ca6355aa_as,325,69,D
esc_ea5706aa_as,312,69,D
esc_ga8881aa_as,311,69,D
esc_ga9013aa_as,318,69,D
esc_ga9082aa_as,307,69,D
esc_ga9186aa_as,320,69,D
esc_ga9235aa_as,308,69,D
esc_ga9240aa_as,314,2020,D
esc_ga9410aa_as,309,69,D
esc_ha0152aa_as,294,106,D
esc_ia2230aa_as,305,69,D
esc_ia6950aa_as,299,106,D
esc_ja4122aa_as,313,69,D
esc_ja4846aa_as,311,69,D
esc_ka6771aa_as,314,69,D
esc_ka7575aa_as,311,69,D
esc_la5731aa_as,305,69,D
esc_ma8875aa_as,313,69,D
SRR4897530_trimmed,316,442,B1
SRR5030791_trimmed,309,442,B1
SRR5030796_trimmed,308,442,B1
SRR5031200_trimmed,306,442,B1
SRR7167524_trimmed,308,442,B1
SRR7186935_trimmed,313,442,B1
SRR7186940_trimmed,318,442,B1
SRR7186959_trimmed,314,442,B1
SRR7186965_trimmed,318,442,B1
SRR7187025_trimmed,241,442~,B1
SRR7187042_trimmed,302,442~,B1
SRR7187792_trimmed,319,442,B1
SRR7187921_trimmed,306,442,B1
SRR7191461_trimmed,281,442~,B1
SRR7191702_trimmed,313,442,B1
SRR7191718_trimmed,305,442,B1
SRR7204301_trimmed,300,442,B1
SRR7204338_trimmed,302,442,B1
SRR7209039_trimmed,274,442,B1
SRR7209044_trimmed,318,442,B1
SRR7215288_trimmed,300,442,B1
SRR7215573_trimmed,275,442,B1
SRR7221235_trimmed,301,442,B1
SRR7223085_trimmed,321,442,B1
SRR7223138_trimmed,300,442,B1
SRR7223142_trimmed,252,442,B1
SRR7230338_trimmed,310,442,B1
SRR7236440_trimmed,294,442,B1
SRR7249690_trimmed,310,442,B1
SRR7251482_trimmed,315,442,B1
SRR7256809_trimmed,282,442,B1
SRR7256946_trimmed,309,8270,B1
SRR7265975_trimmed,313,442,B1
SRR7266804_trimmed,313,442,B1
SRR7266824_trimmed,314,442,B1
SRR7274778_trimmed,251,442,B1
SRR7274808_trimmed,311,442,B1
SRR7276960_trimmed,320,442,B1
SRR7276965_trimmed,290,442,B1
SRR7277730_trimmed,315,442,B1
SRR7277741_trimmed,289,442,B1
SRR7283666_trimmed,247,442~,B1
SRR7283729_trimmed,322,442,B1
SRR7283737_trimmed,303,442,B1
SRR7285417_trimmed,270,442~,B1
SRR7285436_trimmed,317,442,B1
SRR7285474_trimmed,324,442,B1
SRR7285536_trimmed,311,442,B1
SRR7285573_trimmed,315,442~,B1
SRR7285574_trimmed,315,442,B1
SRR7285598_trimmed,319,442,B1
SRR7286387_trimmed,259,442,B1
SRR7286550_trimmed,282,442,B1
SRR7286559_trimmed,282,442~,B1
SRR7286580_trimmed,277,8270,B1
SRR7286626_trimmed,298,442,B1
SRR7291553_trimmed,318,442~,B1
SRR7291668_trimmed,294,442,B1
SRR7291925_trimmed,296,442,B1
SRR7292670_trimmed,309,442,B1
SRR7358036_trimmed,305,442,B1
SRR7367216_trimmed,317,442,B1
SRR7368875_trimmed,311,442,B1
SRR7401658_trimmed,311,442,B1
SRR7401660_trimmed,223,442~,B1
SRR7401706_trimmed,323,442,B1
SRR7401707_trimmed,322,442,B1
SRR7407953_trimmed,322,442,B1
SRR7456549_trimmed,321,442,B1
SRR7826945_trimmed,323,442,B1
SRR7836284_trimmed,319,442,B1
SRR7839305_trimmed,318,442,B1
SRR7839316_trimmed,322,442,B1
SRR7839325_trimmed,316,442,B1
SRR7839333_trimmed,321,442,B1
esc_ba7976aa_as,323,442,B1
esc_ba9653aa_as,316,5496,B1
esc_ca1237aa_as,323,442,B1
esc_ca1851aa_as,314,442,B1
esc_ca6367aa_as,315,829,B1
esc_ga8919aa_as,319,442,B1
esc_ga8998aa_as,323,442,B1
esc_ga9005aa_as,324,442,B1
esc_ga9012aa_as,321,442,B1
esc_ga9164aa_as,323,442,B1
esc_ga9199aa_as,323,442,B1
esc_ga9379aa_as,318,442,B1
esc_ga9419aa_as,309,442,B1
esc_ha7933aa_as,313,829,B1
esc_ha8869aa_as,315,442,B1
esc_ia1480aa_as,322,442,B1
esc_ia1651aa_as,316,442,B1
esc_ia1657aa_as,316,442,B1
esc_ja3757aa_as,323,442,B1
esc_ja3801aa_as,322,442,B1
esc_ja3802aa_as,311,442,B1
esc_ja3832aa_as,322,442,B1
esc_ja4059aa_as,323,442,B1
esc_ja4060aa_as,322,442,B1
esc_ja4104aa_as,321,442,B1
esc_ja4474aa_as,324,442,B1
esc_ja4550aa_as,323,442,B1
esc_ja4591aa_as,316,442,B1
esc_ja4625aa_as,323,442,B1
esc_ja4728aa_as,322,442,B1
esc_ja4743aa_as,321,7026,B1
esc_ja5112aa_as,314,442,B1
esc_ja5286aa_as,317,442,B1
esc_ja5410aa_as,324,442,B1
esc_ja8842aa_as,323,442,B1
esc_ja9035aa_as,317,442,B1
esc_ja9172aa_as,323,442,B1
esc_ja9452aa_as,315,442,B1
esc_ka6755aa_as,322,442,B1
esc_ka6868aa_as,324,442,B1
esc_na3113aa_as,315,442,B1
esc_na3114aa_as,316,442,B1
esc_na3115aa_as,316,442,B1
esc_na3116aa_as,316,442,B1
esc_na3118aa_as,316,442,B1
esc_na3120aa_as,316,442,B1
esc_na3121aa_as,316,442,B1
esc_na3123aa_as,316,442,B1
esc_na7557aa_as,316,442,B1
esc_na7716aa_as,315,442,B1
esc_na7717aa_as,316,442,B1
esc_na7718aa_as,316,442,B1
esc_na7719aa_as,316,442,B1
esc_na7720aa_as,316,442,B1
esc_na7721aa_as,314,442,B1
esc_na7722aa_as,314,442,B1
esc_na7723aa_as,316,442,B1
esc_na7724aa_as,316,442,B1
esc_oa0077aa_as,316,442,B1
esc_oa0078aa_as,316,442,B1
esc_oa0079aa_as,316,442,B1
esc_oa0080aa_as,316,442,B1
esc_qa2174aa_as,314,7714,B1
esc_qa2175aa_as,314,7714,B1
esc_qa2306aa_as,313,7714,B1
esc_qa2309aa_as,314,7714,B1
esc_ra1884aa_as,313,7714,B1
esc_ra3278aa_as,321,442,B1
esc_ra3556aa_as,313,7714,B1
esc_ra3568aa_as,320,442,B1
esc_ra9771aa_as,313,7714,B1
SRR5029692_trimmed,285,33,B1
SRR5029821_trimmed,287,33~,B1
SRR5031176_trimmed,288,33,B1
SRR5031224_trimmed,293,33,B1
SRR7163904_trimmed,298,33,B1
SRR7163924_trimmed,291,33,B1
SRR7179885_trimmed,282,33,B1
SRR7179958_trimmed,293,33,B1
SRR7184205_trimmed,232,33~,B1
SRR7186903_trimmed,276,33,B1
SRR7186930_trimmed,270,8269,B1
SRR7186949_trimmed,294,33,B1
SRR7187851_trimmed,293,33,B1
SRR7187858_trimmed,265,33,B1
SRR7187905_trimmed,283,33,B1
SRR7204300_trimmed,286,33,B1
SRR7204343_trimmed,277,33,B1
SRR7204358_trimmed,277,33,B1
SRR7208629_trimmed,281,33~,B1
SRR7209037_trimmed,251,33~,B1
SRR7215894_trimmed,293,33,B1
SRR7215918_trimmed,280,33,B1
SRR7221265_trimmed,250,33,B1
SRR7221287_trimmed,288,33,B1
SRR7223112_trimmed,282,33,B1
SRR7223158_trimmed,290,33,B1
SRR7230223_trimmed,292,33,B1
SRR7230230_trimmed,282,33,B1
SRR7230353_trimmed,283,33,B1
SRR7230355_trimmed,272,33,B1
SRR7236578_trimmed,281,33,B1
SRR7236610_trimmed,294,33,B1
SRR7249511_trimmed,258,33~,B1
SRR7249689_trimmed,275,33,B1
SRR7249718_trimmed,284,33,B1
SRR7251034_trimmed,279,33,B1
SRR7251036_trimmed,249,33~,B1
SRR7251429_trimmed,286,33,B1
SRR7256808_trimmed,251,33~,B1
SRR7257120_trimmed,294,33,B1
SRR7265930_trimmed,223,33,B1
SRR7265939_trimmed,232,33~,B1
SRR7266767_trimmed,281,33,B1
SRR7274838_trimmed,273,33,B1
SRR7274853_trimmed,281,33,B1
SRR7276889_trimmed,258,33,B1
SRR7276945_trimmed,273,33,B1
SRR7276952_trimmed,291,33,B1
SRR7277748_trimmed,271,33~,B1
SRR7277894_trimmed,294,33,B1
SRR7283670_trimmed,295,33,B1
SRR7283766_trimmed,294,33,B1
SRR7285423_trimmed,283,33,B1
SRR7285449_trimmed,275,33,B1
SRR7285468_trimmed,293,33,B1
SRR7285492_trimmed,294,33,B1
SRR7285504_trimmed,266,33~,B1
SRR7285513_trimmed,280,33,B1
SRR7285563_trimmed,262,33~,B1
SRR7285592_trimmed,230,33~,B1
SRR7286481_trimmed,294,33,B1
SRR7286539_trimmed,289,33,B1
SRR7290975_trimmed,288,33,B1
SRR7291449_trimmed,298,33,B1
SRR7291545_trimmed,267,33,B1
SRR7291652_trimmed,294,33,B1
SRR7358001_trimmed,285,33~,B1
SRR7358038_trimmed,236,33~,B1
SRR7358055_trimmed,293,33,B1
SRR7358289_trimmed,281,33,B1
SRR7358309_trimmed,261,33,B1
SRR7367413_trimmed,257,33~,B1
SRR7367417_trimmed,280,33,B1
SRR7401644_trimmed,294,33,B1
SRR7407949_trimmed,273,33,B1
SRR7416060_trimmed,279,33,B1
SRR7501287_trimmed,291,33,B1
SRR7826915_trimmed,286,33,B1
SRR7834589_trimmed,265,33~,B1
SRR7839350_trimmed,286,33,B1
esc_ba0766aa_as,299,5365,B1
esc_ba5851aa_as,295,5413,B1
esc_ba7366aa_as,296,33,B1
esc_ca6917aa_as,293,33,B1
esc_ga8789aa_as,297,33,B1
esc_ga8793aa_as,299,33,B1
esc_ga8807aa_as,298,33,B1
esc_ga8874aa_as,297,33,B1
esc_ga8876aa_as,299,33,B1
esc_ga8885aa_as,297,33,B1
esc_ga8886aa_as,299,33,B1
esc_ga8917aa_as,298,6267,B1
esc_ga8983aa_as,298,33,B1
esc_ga8997aa_as,298,33,B1
esc_ga9088aa_as,298,33,B1
esc_ga9167aa_as,294,33,B1
esc_ga9189aa_as,296,33,B1
esc_ga9234aa_as,295,33,B1
esc_ga9246aa_as,301,33,B1
esc_ga9440aa_as,296,33,B1
esc_ha0893aa_as,295,33,B1
esc_ha2658aa_as,295,33,B1
esc_ia1289aa_as,290,33,B1
esc_ja3769aa_as,299,33,B1
esc_ja4375aa_as,298,33,B1
esc_ja4411aa_as,291,33,B1
esc_ja4431aa_as,296,33,B1
esc_ja4592aa_as,292,33,B1
esc_ja4643aa_as,294,33,B1
esc_ja4680aa_as,297,33,B1
esc_ja4819aa_as,298,33,B1
esc_ja5132aa_as,296,33,B1
esc_ja7758aa_as,297,33,B1
esc_ja7785aa_as,297,33,B1
esc_ja9084aa_as,296,33,B1
esc_ja9196aa_as,297,33,B1
esc_ka0539aa_as,294,33,B1
esc_ka0874aa_as,295,33,B1
esc_ka0968aa_as,298,33,B1
esc_ka1110aa_as,297,33,B1
esc_ka2153aa_as,295,33,B1
esc_la5816aa_as,297,33,B1
esc_ra3273aa_as,301,33,B1
esc_ra7090aa_as,292,33,B1
44310_B01_contigs_pacbio,313,137,E
AIAI00000000,303,32,E
JHSQ00000000,310,137,E
JHSS00000000,303,137,E
SRR5029691_trimmed,300,32,E
SRR5029730_trimmed,265,32,E
SRR5029798_trimmed,283,32~,E
SRR5029801_trimmed,295,32,E
SRR7187072_trimmed,215,32~,E
SRR7223162_trimmed,303,32,E
SRR7277792_trimmed,237,32~,E
SRR7291557_trimmed,310,137,E
SRR7367534_trimmed,299,137,E
SRR7457849_trimmed,262,32~,E
SRR7474047_trimmed,312,32,E
SRR7527613_trimmed,299,32,E
SRR7833104_trimmed,308,32,E
SRR7835331_trimmed,306,32,E
SRR7839336_trimmed,298,32,E
esc_ba0851aa_as,305,32,E
esc_ba4354aa_as,306,32,E
esc_ba5952aa_as,305,32,E
esc_ba6189aa_as,306,32,E
esc_ca2866aa_as,306,32,E
esc_ca3018aa_as,305,32,E
esc_ca4715aa_as,306,32,E
esc_ca6614aa_as,306,32,E
esc_fa1608aa_as,306,32,E
esc_ga0429aa_as,303,32,E
esc_ga6517aa_as,304,32,E
esc_ga7655aa_as,311,32,E
esc_ga8802aa_as,303,32,E
esc_ga8908aa_as,308,32,E
esc_ga9158aa_as,311,32,E
esc_ga9439aa_as,310,32,E
esc_ha0780aa_as,300,32,E
esc_ha0900aa_as,303,32,E
esc_ha3957aa_as,309,32,E
esc_ha6179aa_as,311,32,E
esc_ha6181aa_as,303,32,E
esc_ia0862aa_as,306,32,E
esc_ia6411aa_as,303,32,E
esc_ia6426aa_as,308,32,E
esc_ja3790aa_as,313,7031,E
esc_ja3818aa_as,306,32,E
esc_ja3976aa_as,311,32,E
esc_ja4358aa_as,311,32,E
esc_ja5404aa_as,314,6130,E
esc_ja5545aa_as,305,32,E
esc_ja9008aa_as,310,32,E
esc_ka4227aa_as,310,32,E
esc_ka4599aa_as,299,32,E
esc_ka6851aa_as,310,32,E
esc_la4765aa_as,309,32,E
esc_la5815aa_as,306,32,E
esc_la5817aa_as,309,32,E
esc_la5818aa_as,310,32,E
esc_pa2428aa_as,306,32,E
esc_pa2429aa_as,305,32,E
esc_pa2432aa_as,313,137,E
esc_pa2433aa_as,305,32,E
esc_pa2434aa_as,312,32,E
esc_pa2436aa_as,306,32,E
esc_pa2437aa_as,305,32,E
esc_pa2440aa_as,305,32,E
esc_pa2442aa_as,310,32,E
esc_pa2443aa_as,311,32,E
esc_pa2444aa_as,309,32,E
esc_pa2445aa_as,310,32,E
esc_pa2446aa_as,307,32,E
esc_pa2448aa_as,313,32,E
esc_pa2449aa_as,306,32,E
esc_pa2450aa_as,311,32,E
esc_pa2482aa_as,293,32,E
esc_pa2483aa_as,311,32,E
esc_pa2485aa_as,311,32,E
esc_pa2486aa_as,306,32,E
esc_pa2487aa_as,306,32,E
esc_pa2488aa_as,311,32,E
esc_pa2764aa_as,306,32,E
esc_pa2765aa_as,306,32,E
esc_pa2766aa_as,306,32,E
esc_pa2767aa_as,286,32,E
esc_pa2768aa_as,305,32,E
esc_pa2769aa_as,270,32,E
esc_pa2770aa_as,305,32,E
esc_pa2771aa_as,305,32,E
esc_pa2772aa_as,306,32,E
esc_pa2774aa_as,311,32,E
esc_pa2775aa_as,311,32,E
esc_pa2776aa_as,309,137,E
esc_pa2777aa_as,305,32,E
esc_pa2778aa_as,303,32,E
esc_pa2779aa_as,305,32,E
esc_pa2780aa_as,311,32,E
esc_pa2782aa_as,306,32,E
esc_pa2783aa_as,306,32,E
esc_pa2784aa_as,307,32,E
esc_pa2785aa_as,313,32,E
esc_qa9935aa_as,305,32,E
esc_qa9940aa_as,317,137,E
esc_ra3598aa_as,307,32,E
esc_ra4619aa_as,304,32,E
esc_ra4983aa_as,301,32,E
11657_6#17,335,127,B2
11657_6#41,343,127,B2
11657_7#6,338,127,B2
11657_7#80,338,127,B2
11658_3#40,336,127,B2
11658_4#10,337,127,B2
11658_4#2,338,127,B2
11658_4#38,337,127,B2
11658_5#21,337,127,B2
11658_5#51,337,127,B2
11658_5#55,339,127,B2
11658_5#60,338,5417,B2
11658_5#69,338,127,B2
11658_6#28,340,127,B2
11658_6#3,338,127,B2
11658_7#54,338,127,B2
11658_7#56,338,127,B2
11658_8#36,337,127,B2
11679_4#28,338,127,B2
11679_4#43,341,127,B2
11679_4#70,335,127,B2
11679_4#80,339,127,B2
11679_5#14,347,127,B2
11679_5#60,337,127,B2
11679_5#75,339,127,B2
11679_5#88,339,127,B2
11679_6#76,344,127,B2
11679_6#77,339,127,B2
11679_6#88,338,127,B2
11679_7#19,345,127,B2
11679_7#30,338,127,B2
11679_7#78,335,127,B2
11679_8#24,337,127,B2
11679_8#62,345,127,B2
11679_8#72,335,127,B2
11679_8#8,338,127,B2
11679_8#90,337,127,B2
11791_3#31,339,127,B2
11791_3#4,336,5364,B2
11791_3#47,344,127,B2
11791_3#59,338,127,B2
11791_7#32,338,127,B2
12045_3#65,348,127,B2
55064_D01_contigs_canu_1_6,339,127,B2
AAJU00000000,336,127,B2
JSFX00000000,337,127,B2
JSGJ00000000,338,127,B2
JSHD00000000,337,5457,B2
JSHY00000000,339,127,B2
JSIR00000000,337,127,B2
JSKL00000000,302,127,B2
JSKN00000000,336,127,B2
JSKO00000000,337,127,B2
JSLX00000000,336,127,B2
JSMQ00000000,342,127,B2
JSMU00000000,337,127,B2
JSNK00000000,336,127,B2
JSNN00000000,344,127,B2
JSNQ00000000,337,127,B2
JSOC00000000,335,127,B2
NC_008253,329,127,B2
SRR5018303_trimmed,330,127,B2
SRR5031192_trimmed,332,127,B2
SRR7209046_trimmed,335,127,B2
SRR7221255_trimmed,275,127~,B2
SRR7236573_trimmed,332,127,B2
SRR7283674_trimmed,328,127~,B2
esc_ba7040aa_as,336,127,B2
esc_ba7063aa_as,336,127,B2
esc_ba7152aa_as,336,127,B2
esc_ba7450aa_as,328,127,B2
esc_ba7704aa_as,338,127,B2
esc_ba9015aa_as,337,5370,B2
esc_ba9187aa_as,336,127,B2
esc_ba9412aa_as,337,127,B2
esc_ba9575aa_as,335,127,B2
esc_ca2506aa_as,338,127,B2
esc_ca2522aa_as,334,127,B2
esc_ca2830aa_as,337,127,B2
esc_ca2907aa_as,334,127,B2
esc_ca3339aa_as,337,127,B2
esc_ca3457aa_as,336,5337,B2
esc_ca3560aa_as,337,127,B2
esc_ca4039aa_as,337,5370,B2
esc_ca4128aa_as,336,127,B2
esc_ca4222aa_as,337,127,B2
esc_ca4733aa_as,336,5337,B2
esc_ca5032aa_as,337,127,B2
esc_ca5374aa_as,335,127,B2
esc_ca6149aa_as,319,127,B2
esc_ca6316aa_as,338,127,B2
esc_ca6489aa_as,337,127,B2
esc_ea6184aa_as,336,5337,B2
esc_fa7120aa_as,336,127,B2
esc_ga8803aa_as,338,127,B2
esc_ga8907aa_as,338,127,B2
esc_ga9193aa_as,336,127,B2
esc_ga9206aa_as,339,127,B2
esc_ga9265aa_as,337,127,B2
esc_ga9396aa_as,338,127,B2
esc_ha0918aa_as,336,127,B2
esc_ha8268aa_as,338,127,B2
esc_ha8270aa_as,337,127,B2
esc_ia1488aa_as,341,127,B2
esc_ia2251aa_as,337,127,B2
esc_ka3956aa_as,331,127,B2
11657_5#33,292,10,A
11791_3#35,308,10,A
31436_D01_contigs_pacbio,296,10,A
38656_B02_contigs_hgap_4_0,299,10~,A
38732_B01_contigs_pacbio,300,10,A
38891_B02_contigs_pacbio,309,10,A
38936_C01_contigs_pacbio,292,10,A
39111_A02_contigs_pacbio,299,10,A
39610_B01_contigs_pacbio,286,10,A
42912_F02_contigs_pacbio,287,10,A
7521_4#96,315,43,A
7553_7#63,306,5339,A
7553_7#66,308,10,A
7790_1#54,297,10,A
7790_1#76,308,10,A
7790_1#84,306,5353,A
7790_1#87,306,5353,A
8205_3#31,315,10,A
8205_3#45,306,10,A
8205_3#53,296,5543,A
9776_2#87,300,10,A
AIAL00000000,289,10,A
AIAO00000000,291,10,A
JHRU00000000,309,10~,A
JSIN00000000,291,10,A
SRR5031214_trimmed,307,10,A
SRR5031229_trimmed,300,10,A
SRR5470159_trimmed,299,10,A
SRR7184330_trimmed,288,10,A
SRR7208795_trimmed,313,8280,A
SRR7221093_trimmed,289,4305,A
SRR7221207_trimmed,309,10,A
SRR7230694_trimmed,297,10,A
SRR7286602_trimmed,298,43,A
SRR7291583_trimmed,313,4305,A
SRR7291926_trimmed,314,10,A
SRR7457843_trimmed,277,10,A
SRR7500933_trimmed,294,10,A
SRR7500944_trimmed,301,10,A
SRR7500979_trimmed,297,10,A
SRR7505780_trimmed,287,10,A
SRR7505869_trimmed,305,10,A
SRR7505882_trimmed,304,10,A
SRR7827079_trimmed,306,10,A
esc_ba1526aa_as,304,43,A
esc_ba7192aa_as,295,10,A
esc_ba9902aa_as,299,43,A
esc_ca1598aa_as,307,5332,A
esc_ca2315aa_as,297,10,A
esc_ca2651aa_as,293,5325,A
esc_ca3100aa_as,293,10,A
esc_ca3465aa_as,315,10,A
esc_ca4195aa_as,314,10,A
esc_ca4412aa_as,305,10,A
esc_ca4985aa_as,295,10,A
esc_ga8806aa_as,314,4305,A
esc_ga8871aa_as,315,4305,A
esc_ga8901aa_as,297,10,A
esc_ga8916aa_as,307,10,A
esc_ga8948aa_as,316,10,A
esc_ga8969aa_as,294,10,A
esc_ga9150aa_as,298,10,A
esc_ga9182aa_as,310,10,A
esc_ga9220aa_as,303,10,A
esc_ga9307aa_as,298,10,A
esc_ga9423aa_as,298,10,A
esc_ga9451aa_as,292,10,A
esc_ha7407aa_as,310,10,A
esc_ha7409aa_as,300,43,A
esc_ia1455aa_as,291,10,A
esc_ia1475aa_as,297,10,A
esc_ia1645aa_as,306,10,A
esc_ia2218aa_as,334,10,A
esc_ia2261aa_as,333,10,A
esc_ja3795aa_as,312,4305,A
esc_ja4067aa_as,298,10,A
esc_ja4708aa_as,297,10,A
esc_ja8348aa_as,311,10,A
esc_ka3840aa_as,299,43,A
esc_ka5462aa_as,315,10,A
esc_ma8839aa_as,303,10,A
esc_ma8844aa_as,319,10,A
esc_ma8849aa_as,315,10,A
esc_ma8877aa_as,317,10,A
esc_qa2872aa_as,313,10,A
esc_qa2874aa_as,316,10,A
esc_ra2552aa_as,317,10,A
esc_ra2557aa_as,314,10,A
esc_ra2558aa_as,320,10,A
esc_ra2564aa_as,312,10,A
esc_ra4927aa_as,307,43,A
11657_5#31,332,12,B2
11657_5#73,333,12,B2
11657_6#74,330,12,B2
11657_6#77,330,12,B2
11657_7#72,333,5604,B2
11657_7#83,334,12,B2
11658_3#37,335,12,B2
11658_3#54,330,12,B2
11658_3#62,343,12,B2
11658_3#80,331,12,B2
11658_4#82,331,12,B2
11658_5#31,328,12,B2
11658_5#46,333,12,B2
11658_5#62,331,12,B2
11658_5#67,333,12,B2
11658_5#7,329,12,B2
11658_5#74,333,12,B2
11658_5#83,334,12,B2
11658_6#27,331,12,B2
11658_6#44,333,5389,B2
11658_6#45,332,12,B2
11658_6#55,335,12,B2
11658_6#59,335,12,B2
11658_6#60,338,12,B2
11658_6#69,314,961,B2
11658_6#71,332,12,B2
11658_7#14,328,12,B2
11658_7#63,327,12,B2
11658_7#77,333,12,B2
11658_8#24,335,12,B2
11658_8#56,334,12,B2
11658_8#95,331,12,B2
11679_4#46,338,12,B2
11679_4#79,330,12,B2
11679_5#13,331,12,B2
11679_5#70,328,12,B2
11679_6#11,342,4702,B2
11679_6#20,327,12,B2
11679_6#8,338,12,B2
11679_6#86,332,12,B2
11679_7#51,326,12,B2
11679_7#52,334,12,B2
11679_7#68,323,12,B2
11679_8#12,332,12,B2
11679_8#17,330,12,B2
11679_8#27,332,12,B2
11679_8#67,334,12,B2
11679_8#88,334,12,B2
11791_3#1,331,12,B2
11791_3#20,336,12,B2
11791_3#30,332,12,B2
11791_3#5,332,12,B2
11791_3#57,336,12,B2
11791_3#78,337,12,B2
11791_6#13,335,12,B2
11791_6#28,334,12,B2
11791_7#67,334,12,B2
12045_3#64,334,12,B2
38891_C02_contigs_pacbio,330,12,B2
54466_D01_contigs_pacbio,328,12,B2
8476_1#1,332,12,B2
APNU00000000,323,12,B2
JSHT00000000,328,12,B2
JSIL00000000,327,12,B2
JSLK00000000,323,12,B2
JSMO00000000,331,12,B2
JSMS00000000,323,12,B2
JSNL00000000,336,12,B2
SRR7184211_trimmed,323,12,B2
SRR7249742_trimmed,309,8303,B2
SRR7500923_trimmed,299,12~,B2
SRR7505772_trimmed,328,12~,B2
esc_ba6520aa_as,332,12,B2
esc_ba6989aa_as,332,12,B2
esc_ba9764aa_as,333,12,B2
esc_ca0151aa_as,337,12,B2
esc_ca1468aa_as,346,827,B2
esc_ca2505aa_as,332,12,B2
esc_ca2611aa_as,331,12,B2
esc_ca2897aa_as,333,12,B2
esc_ca3642aa_as,333,12,B2
esc_ca3793aa_as,334,12,B2
esc_ca3963aa_as,328,12,B2
esc_ca4289aa_as,331,12,B2
esc_ca4691aa_as,328,12,B2
esc_ca4911aa_as,332,12,B2
esc_ca5320aa_as,335,12,B2
esc_ca5468aa_as,333,12,B2
esc_ca5736aa_as,331,12,B2
esc_ca5914aa_as,335,12,B2
esc_ca5919aa_as,332,12,B2
esc_ca5977aa_as,332,12,B2
esc_ca6138aa_as,333,3352,B2
esc_ca6366aa_as,327,12,B2
esc_ca6425aa_as,332,12,B2
esc_ga6578aa_as,325,12,B2
esc_ga8988aa_as,336,12,B2
esc_ga9155aa_as,337,12,B2
esc_ha7801aa_as,331,12,B2
esc_ha7989aa_as,332,12,B2
esc_ha8248aa_as,336,12,B2
esc_ha8657aa_as,331,12,B2
esc_ia2245aa_as,334,12,B2
esc_ia2295aa_as,329,12,B2
esc_ja3745aa_as,336,12,B2
esc_ja3822aa_as,333,12,B2
esc_ka6768aa_as,337,12,B2
esc_ka7577aa_as,329,12,B2
esc_la5733aa_as,329,12,B2
esc_na8798aa_as,334,12,B2
ADUQ00000000,302,16,B1
NC_013364,295,16,B1
SRR7187530_trimmed,242,16~,B1
SRR7191464_trimmed,279,16,B1
SRR7215958_trimmed,291,16,B1
SRR7230244_trimmed,289,16,B1
SRR7230308_trimmed,282,6248,B1
SRR7250990_trimmed,284,16,B1
SRR7274785_trimmed,289,16,B1
SRR7276901_trimmed,257,16,B1
SRR7282634_trimmed,285,16,B1
SRR7283805_trimmed,279,16,B1
SRR7285549_trimmed,276,16~,B1
SRR7285596_trimmed,277,16,B1
SRR7367205_trimmed,281,16,B1
SRR7367403_trimmed,292,16,B1
SRR7368866_trimmed,292,16,B1
SRR7456557_trimmed,293,16,B1
SRR7457850_trimmed,289,16,B1
SRR7500993_trimmed,247,16,B1
SRR7501426_trimmed,296,16,B1
SRR7505866_trimmed,295,16,B1
SRR7839296_trimmed,285,16,B1
esc_ba5509aa_as,294,16,B1
esc_fa7714aa_as,293,16,B1
esc_fa7715aa_as,303,16,B1
esc_fa8282aa_as,293,16,B1
esc_fa8283aa_as,291,16,B1
esc_fa8439aa_as,300,16,B1
esc_fa9652aa_as,296,16,B1
esc_ga0461aa_as,295,16,B1
esc_ga5558aa_as,296,16,B1
esc_ga5815aa_as,288,16,B1
esc_ga5816aa_as,292,16,B1
esc_ga5818aa_as,293,16,B1
esc_ga6509aa_as,295,16,B1
esc_ga6518aa_as,295,6208,B1
esc_ga8813aa_as,294,16,B1
esc_ga8949aa_as,293,16,B1
esc_ha0197aa_as,294,16,B1
esc_ha0204aa_as,295,16,B1
esc_ha0206aa_as,294,16,B1
esc_ha3937aa_as,294,16,B1
esc_ha3951aa_as,301,16,B1
esc_ha3959aa_as,294,16,B1
esc_ha3960aa_as,293,1792,B1
esc_ha3973aa_as,295,16,B1
esc_ha4015aa_as,292,16,B1
esc_ha6170aa_as,288,16,B1
esc_ha6174aa_as,295,16,B1
esc_ha6180aa_as,302,16,B1
esc_ha6198aa_as,294,16,B1
esc_ha6199aa_as,294,16,B1
esc_ha6432aa_as,293,16,B1
esc_ha8856aa_as,292,16,B1
esc_ha8863aa_as,292,16,B1
esc_ha8864aa_as,293,16,B1
esc_ha8868aa_as,293,16,B1
esc_ha9386aa_as,302,6628,B1
esc_ha9388aa_as,292,16,B1
esc_ha9488aa_as,293,16,B1
esc_ha9489aa_as,293,16,B1
esc_ha9490aa_as,293,16,B1
esc_ia0321aa_as,301,16,B1
esc_ia0352aa_as,295,16,B1
esc_ia0761aa_as,293,16,B1
esc_ia0830aa_as,292,16,B1
esc_ia1175aa_as,293,16,B1
esc_ia3127aa_as,302,16,B1
esc_ia8535aa_as,292,16,B1
esc_ja5398aa_as,294,16,B1
esc_ja7577aa_as,293,16,B1
esc_ja7879aa_as,294,16,B1
esc_ka5260aa_as,292,16,B1
esc_la1452aa_as,293,16,B1
esc_la4409aa_as,293,16,B1
esc_la4410aa_as,294,16,B1
esc_la4412aa_as,294,16,B1
esc_la4416aa_as,294,16,B1
esc_la4733aa_as,295,16,B1
esc_la5642aa_as,293,16,B1
esc_la5646aa_as,295,16,B1
esc_la5650aa_as,302,16,B1
esc_la5728aa_as,293,16,B1
esc_la5746aa_as,301,16,B1
esc_la5807aa_as,294,16,B1
esc_la6545aa_as,295,16,B1
esc_la6615aa_as,292,16,B1
esc_ma3113aa_as,293,16,B1
esc_na2628aa_as,302,16,B1
esc_na8668aa_as,293,16,B1
esc_oa1568aa_as,293,16,B1
esc_oa7457aa_as,295,16,B1
esc_pa1831aa_as,292,16,B1
esc_pa7576aa_as,290,16,B1
esc_pa9446aa_as,292,16,B1
esc_qa2187aa_as,293,16,B1
esc_qa4365aa_as,293,16,B1
esc_qa4373aa_as,292,1792,B1
esc_qa4382aa_as,292,16,B1
esc_qa5079aa_as,293,7861,B1
esc_qa9820aa_as,295,16,B1
esc_ra1562aa_as,290,16,B1
esc_ra3570aa_as,293,16,B1
esc_ra3589aa_as,291,16,B1
esc_ra3701aa_as,291,16,B1
esc_ra4199aa_as,294,16,B1
esc_ra4205aa_as,293,16,B1
esc_ra4213aa_as,293,16,B1
SRR4787231_trimmed,280,25~,B1
SRR4788190_trimmed,290,25~,B1
SRR5029844_trimmed,297,25,B1
SRR5031208_trimmed,287,25,B1
SRR7167515_trimmed,301,25,B1
SRR7172274_trimmed,296,25,B1
SRR7179882_trimmed,282,811,B1
SRR7184319_trimmed,299,25,B1
SRR7184371_trimmed,294,6265,B1
SRR7184375_trimmed,283,4748,B1
SRR7186910_trimmed,293,25,B1
SRR7186962_trimmed,287,25,B1
SRR7187956_trimmed,297,25,B1
SRR7191693_trimmed,297,25,B1
SRR7191713_trimmed,296,4748,B1
SRR7215521_trimmed,290,25,B1
SRR7215522_trimmed,291,4748,B1
SRR7215568_trimmed,268,25~,B1
SRR7221121_trimmed,295,25~,B1
SRR7221202_trimmed,299,25,B1
SRR7223113_trimmed,299,25,B1
SRR7223118_trimmed,300,25,B1
SRR7223132_trimmed,298,25,B1
SRR7223148_trimmed,289,25,B1
SRR7230222_trimmed,264,4748~,B1
SRR7236596_trimmed,288,811,B1
SRR7236598_trimmed,283,25~,B1
SRR7244240_trimmed,294,25,B1
SRR7244317_trimmed,293,25,B1
SRR7251003_trimmed,257,25,B1
SRR7251450_trimmed,296,4748,B1
SRR7251457_trimmed,280,25,B1
SRR7265952_trimmed,292,25,B1
SRR7266793_trimmed,290,811,B1
SRR7274849_trimmed,299,811,B1
SRR7283724_trimmed,283,25,B1
SRR7283750_trimmed,260,25~,B1
SRR7285463_trimmed,292,25,B1
SRR7285514_trimmed,301,25,B1
SRR7285522_trimmed,298,25,B1
SRR7286250_trimmed,290,25~,B1
SRR7286369_trimmed,296,25,B1
SRR7286517_trimmed,295,25,B1
SRR7290987_trimmed,300,25,B1
SRR7290988_trimmed,291,811,B1
SRR7291010_trimmed,293,4748,B1
SRR7291651_trimmed,290,4748,B1
SRR7358021_trimmed,252,25~,B1
SRR7367226_trimmed,299,25,B1
SRR7401615_trimmed,276,811~,B1
SRR7401629_trimmed,296,25,B1
SRR7401639_trimmed,278,811,B1
SRR7407971_trimmed,276,25~,B1
SRR7474134_trimmed,296,25,B1
SRR7500917_trimmed,295,25,B1
SRR7500988_trimmed,285,6265~,B1
SRR7505890_trimmed,302,6265~,B1
SRR7522853_trimmed,300,25,B1
SRR7588705_trimmed,289,8422,B1
SRR7839367_trimmed,298,25,B1
esc_ca0184aa_as,299,25,B1
esc_ga8488aa_as,302,25,B1
esc_ga8812aa_as,296,4748,B1
esc_ga8835aa_as,302,25,B1
esc_ga8856aa_as,302,25,B1
esc_ga8865aa_as,301,25,B1
esc_ga8889aa_as,301,25,B1
esc_ga8891aa_as,301,25,B1
esc_ga9112aa_as,297,811,B1
esc_ga9372aa_as,303,25,B1
esc_ga9391aa_as,301,25,B1
esc_ga9428aa_as,301,25,B1
esc_ga9448aa_as,303,25,B1
esc_ga9458aa_as,300,25,B1
esc_ia1633aa_as,309,25,B1
esc_ia1655aa_as,299,25,B1
esc_ia1665aa_as,297,25,B1
esc_ia1670aa_as,310,25,B1
esc_ja3852aa_as,298,25,B1
esc_ja3918aa_as,297,25,B1
esc_ja4058aa_as,299,4748,B1
esc_ja4125aa_as,300,25,B1
esc_ja4437aa_as,297,25,B1
esc_ja4523aa_as,300,25,B1
esc_ja4555aa_as,296,811,B1
esc_ja4729aa_as,297,25,B1
esc_ja5279aa_as,297,25,B1
esc_ja7446aa_as,299,25,B1
esc_ra1855aa_as,300,25,B1
40961_A01_contigs_pacbio,302,7444,E
7790_1#50,297,335,E
7790_1#71,300,335,E
AIAD00000000,295,335,E
AIAE00000000,296,335,E
AIAF00000000,302,335,E
AIAH00000000,299,335,E
AIFQ00000000,302,7444,E
AIFR00000000,301,335,E
AIFS00000000,299,335,E
AIFT00000000,298,335,E
AIFU00000000,302,61,E
NC_013941,310,335,E
NC_017656,301,335,E
SRR4788328_trimmed,286,335,E
SRR5024312_trimmed,301,335,E
SRR7163949_trimmed,287,335,E
SRR7221213_trimmed,309,335,E
SRR7221221_trimmed,310,335,E
SRR7257125_trimmed,309,335,E
SRR7833100_trimmed,310,335,E
esc_ga3649aa_as,312,335,E
esc_ga3723aa_as,312,335,E
esc_ga8867aa_as,300,335,E
esc_ga8933aa_as,312,335,E
esc_ga8937aa_as,312,335,E
esc_ga8953aa_as,312,335,E
esc_ga8962aa_as,312,335,E
esc_ga8981aa_as,312,335,E
esc_ga8985aa_as,312,335,E
esc_ga8996aa_as,312,335,E
esc_ga9076aa_as,312,335,E
esc_ga9084aa_as,312,335,E
esc_ga9144aa_as,313,335,E
esc_ga9156aa_as,313,335,E
esc_ga9168aa_as,313,335,E
esc_ga9170aa_as,312,335,E
esc_ga9188aa_as,312,335,E
esc_ga9227aa_as,311,335,E
esc_ga9230aa_as,312,335,E
esc_ga9250aa_as,313,335,E
esc_ga9268aa_as,312,335,E
esc_ga9299aa_as,312,335,E
esc_ga9309aa_as,311,335,E
esc_ga9317aa_as,312,335,E
esc_ga9319aa_as,312,335,E
esc_ga9364aa_as,300,335,E
esc_ga9417aa_as,312,335,E
esc_ga9454aa_as,312,335,E
esc_ia1164aa_as,310,335,E
esc_ia1454aa_as,312,335,E
esc_ja3796aa_as,312,335,E
esc_ja4002aa_as,312,335,E
esc_ja4052aa_as,312,335,E
esc_ja4604aa_as,311,335,E
esc_ja4719aa_as,313,335,E
esc_ja4768aa_as,312,335,E
esc_ja8592aa_as,313,335,E
esc_ja8895aa_as,313,335,E
esc_ka5607aa_as,313,335,E
esc_pa0770aa_as,311,335,E
esc_qa2893aa_as,311,335,E
11657_5#17,335,14,B2
11657_5#23,351,550,B2
11657_5#29,348,404,B2
11657_6#18,347,550,B2
11657_6#27,337,14,B2
11657_6#32,359,550,B2
11657_6#66,334,14,B2
11657_6#76,349,404,B2
11657_7#15,344,550,B2
11658_3#21,331,14,B2
11658_3#76,351,14,B2
11658_4#32,347,404,B2
11658_4#39,333,14,B2
11658_5#17,354,14,B2
11658_5#88,334,14,B2
11658_6#20,353,14,B2
11658_6#21,343,404,B2
11658_6#35,334,14,B2
11658_6#93,335,14,B2
11658_7#11,344,404,B2
11658_7#79,347,14,B2
11658_8#53,353,14,B2
11679_4#14,349,550,B2
11679_4#18,346,550,B2
11679_4#30,344,550,B2
11679_4#37,350,14,B2
11679_5#73,332,14,B2
11679_6#14,336,1193,B2
11679_6#63,332,14,B2
11679_7#15,333,14,B2
11679_7#34,346,1057,B2
11791_3#84,346,404,B2
11791_6#34,345,404,B2
11791_7#46,333,14,B2
8939_4#63,348,5669,B2
JSHR00000000,330,404,B2
JSJJ00000000,346,404,B2
JSJK00000000,336,1193,B2
JSKM00000000,329,1193,B2
JSQV00000000,337,1193,B2
JSSK00000000,344,404,B2
JSSL00000000,344,404,B2
SRR4192108_trimmed,337,404,B2
SRR7250984_trimmed,329,404,B2
SRR7291608_trimmed,338,1193,B2
SRR7500964_trimmed,313,5669,B2
esc_ba8669aa_as,348,1057,B2
esc_ba9515aa_as,350,1057,B2
esc_ba9812aa_as,335,1193,B2
esc_ca0871aa_as,341,404,B2
esc_ca1145aa_as,347,404,B2
esc_ca1749aa_as,350,1057,B2
esc_ca1758aa_as,347,1057,B2
esc_ca2252aa_as,352,550,B2
esc_ca3905aa_as,333,1193,B2
esc_ca4231aa_as,337,1193,B2
esc_ca4508aa_as,350,550,B2
esc_ca5348aa_as,347,404,B2
esc_ca5689aa_as,346,404,B2
esc_ca5989aa_as,352,550,B2
esc_ga6507aa_as,336,1193,B2
esc_ga8900aa_as,344,404,B2
esc_ga8987aa_as,333,14,B2
esc_ga9109aa_as,337,1193,B2
esc_ga9261aa_as,346,404,B2
esc_ga9303aa_as,338,1193,B2
esc_ga9325aa_as,348,404,B2
esc_ia2215aa_as,354,14,B2
esc_ia2237aa_as,356,550,B2
esc_ia2254aa_as,356,550,B2
esc_ia2266aa_as,334,14,B2
esc_ja3894aa_as,346,404,B2
esc_ja4006aa_as,331,14,B2
esc_ja4451aa_as,346,404,B2
esc_ja4494aa_as,347,404,B2
esc_ja4730aa_as,334,1193,B2
esc_ja4833aa_as,330,14,B2
esc_ja7912aa_as,336,1193,B2
esc_ja9330aa_as,338,1193,B2
SRR7163903_trimmed,293,504,B2
SRR7163946_trimmed,293,504,B2
SRR7179897_trimmed,310,6880,B2
SRR7184312_trimmed,292,6880,B2
SRR7187061_trimmed,300,5292,B2
SRR7187752_trimmed,264,504~,B2
SRR7223123_trimmed,301,504~,B2
SRR7249515_trimmed,299,504,B2
SRR7249686_trimmed,310,504,B2
SRR7265840_trimmed,302,504~,B2
SRR7274790_trimmed,294,504,B2
SRR7277729_trimmed,304,504,B2
SRR7277758_trimmed,289,504,B2
SRR7277775_trimmed,309,6880,B2
SRR7283814_trimmed,302,504,B2
SRR7285530_trimmed,304,504,B2
SRR7286543_trimmed,310,504,B2
SRR7286568_trimmed,291,504~,B2
SRR7401699_trimmed,276,504,B2
SRR7407968_trimmed,305,504,B2
SRR7474039_trimmed,289,8384~,B2
SRR7833073_trimmed,304,504,B2
SRR7833080_trimmed,307,6880,B2
SRR7835332_trimmed,308,504,B2
SRR7835539_trimmed,304,5292,B2
SRR7836304_trimmed,308,5292,B2
esc_ba3543aa_as,308,504,B2
esc_ga3654aa_as,309,504,B2
esc_ga8815aa_as,309,504,B2
esc_ga8906aa_as,309,504,B2
esc_ga8945aa_as,310,504,B2
esc_ga8974aa_as,309,5292,B2
esc_ga8995aa_as,310,504,B2
esc_ia1635aa_as,312,5292,B2
esc_ja3930aa_as,310,504,B2
esc_ja4468aa_as,309,504,B2
esc_ja4573aa_as,307,504,B2
esc_ja4629aa_as,309,5292,B2
esc_ja4720aa_as,313,504,B2
esc_ja7637aa_as,312,6880,B2
esc_ka1165aa_as,309,504,B2
esc_ka3891aa_as,309,504,B2
esc_ka3942aa_as,309,5292,B2
esc_pa2595aa_as,310,5292,B2
esc_pa2596aa_as,307,5292,B2
esc_pa2599aa_as,308,5292,B2
esc_pa2601aa_as,309,5292,B2
esc_pa2602aa_as,311,6880,B2
esc_pa2603aa_as,310,504,B2
esc_pa2788aa_as,310,7641,B2
esc_pa2790aa_as,311,6880,B2
esc_pa2791aa_as,309,504,B2
esc_ra1892aa_as,302,5292,B2
esc_ra1893aa_as,308,504,B2
esc_ra1897aa_as,303,5292,B2
11657_5#32,323,5476,D
11657_5#65,325,393,D
11657_6#89,333,393,D
11657_7#45,316,393,D
11657_7#75,322,393,D
11658_3#58,322,393,D
11658_3#65,317,393,D
11658_4#30,322,393,D
11658_4#35,312,393,D
11658_4#92,321,1394,D
11658_5#22,322,393,D
11658_5#38,314,393,D
11658_5#77,324,393,D
11658_6#61,317,393,D
11658_6#70,323,393,D
11658_6#78,323,393,D
11658_7#31,323,393,D
11658_8#39,323,393,D
11658_8#79,317,393,D
11679_4#23,323,393,D
11679_4#27,313,1394,D
11679_4#50,314,393,D
11679_4#64,322,393,D
11679_5#92,321,393,D
11679_7#41,333,393,D
11679_7#49,325,393,D
11679_8#40,317,393,D
11791_3#63,326,393,D
11791_3#83,323,393,D
11791_6#27,323,393,D
11791_6#33,323,393,D
11791_7#47,323,393,D
11791_7#52,322,393,D
12045_3#59,316,393,D
JSNT00000000,324,393,D
JSPM00000000,328,393,D
JSQW00000000,323,393,D
JSRB00000000,324,393,D
JSRX00000000,323,393,D
JSRY00000000,324,393,D
JSRZ00000000,324,393,D
JSSA00000000,322,393,D
JSSC00000000,329,393,D
JSSH00000000,323,393,D
SRR7215950_trimmed,317,31,D
SRR7251057_trimmed,323,31,D
SRR7285426_trimmed,309,31~,D
SRR7401627_trimmed,309,31,D
esc_aa8948aa_as,323,393,D
esc_ba6813aa_as,324,393,D
esc_ba7986aa_as,322,393,D
esc_ba8221aa_as,325,393,D
esc_ba9338aa_as,314,393,D
esc_ca0367aa_as,325,393,D
esc_ca3342aa_as,323,5412,D
esc_ca4562aa_as,323,393,D
esc_ca6136aa_as,323,393,D
esc_ga9208aa_as,327,31,D
esc_ha7994aa_as,308,31,D
esc_ha8278aa_as,323,393,D
esc_ha8489aa_as,327,31,D
esc_ia2263aa_as,322,393,D
esc_ia2268aa_as,322,598,D
esc_oa0090aa_as,310,393,D
esc_oa0095aa_as,316,393,D
esc_qa3552aa_as,326,31,D
11657_5#28,342,5432,B2
11657_6#23,338,131,B2
11657_6#7,334,131,B2
11657_6#96,343,131,B2
11657_7#7,344,131,B2
11658_4#22,335,131,B2
11658_5#42,338,131,B2
11658_5#50,350,5494,B2
11658_6#22,345,131,B2
11658_6#53,342,131,B2
11679_4#44,350,131,B2
11679_5#57,333,131,B2
11679_6#30,338,131,B2
11679_6#7,346,131,B2
11679_7#12,341,131,B2
11679_7#86,343,131,B2
11679_8#6,338,131,B2
11791_3#26,338,131,B2
11791_3#49,334,131,B2
11791_3#62,333,131,B2
11791_6#1,347,131,B2
JSGB00000000,346,131,B2
JSIG00000000,334,131,B2
JSIV00000000,344,131,B2
JSNR00000000,338,131,B2
NC_013654,335,131,B2
SRR7167516_trimmed,332,131,B2
SRR7270950_trimmed,331,131~,B2
SRR7286660_trimmed,344,131,B2
esc_aa9282aa_as,337,131,B2
esc_ba1336aa_as,341,131,B2
esc_ba1344aa_as,343,131,B2
esc_ba3542aa_as,345,131,B2
esc_ba5891aa_as,344,131,B2
esc_ba8435aa_as,349,131,B2
esc_ba9153aa_as,338,131,B2
esc_ca0502aa_as,347,131,B2
esc_ca1117aa_as,343,131,B2
esc_ca3659aa_as,319,131,B2
esc_ca4283aa_as,345,131,B2
esc_ca5347aa_as,345,131,B2
esc_ca5729aa_as,338,131,B2
esc_ca5960aa_as,343,131,B2
esc_ga8796aa_as,334,131,B2
esc_ga9453aa_as,348,131,B2
esc_ha0889aa_as,345,131,B2
esc_ja8218aa_as,333,131,B2
esc_oa0089aa_as,345,131,B2
AIAN00000000,304,343,B1
SRR5031188_trimmed,288,300,B1
SRR7204400_trimmed,237,300~,B1
SRR7223081_trimmed,290,4942,B1
SRR7236602_trimmed,294,4942,B1
SRR7249717_trimmed,287,300,B1
SRR7249788_trimmed,291,300,B1
SRR7256990_trimmed,293,300,B1
SRR7265854_trimmed,254,300~,B1
SRR7266816_trimmed,290,300,B1
SRR7282627_trimmed,277,343~,B1
SRR7283824_trimmed,295,300,B1
SRR7285438_trimmed,300,5343,B1
SRR7285448_trimmed,293,4942,B1
SRR7285516_trimmed,298,5343,B1
SRR7290889_trimmed,271,300~,B1
SRR7291645_trimmed,295,300,B1
SRR7358107_trimmed,292,300,B1
SRR7358281_trimmed,290,300,B1
SRR7367411_trimmed,285,300,B1
SRR7367420_trimmed,274,300,B1
SRR7826925_trimmed,290,300,B1
SRR7833105_trimmed,303,343,B1
esc_ba1166aa_as,304,343,B1
esc_ba2377aa_as,291,300,B1
esc_ba6859aa_as,292,300,B1
esc_ca5600aa_as,304,343,B1
esc_ga8958aa_as,297,300,B1
esc_ga9184aa_as,297,300,B1
esc_ha8860aa_as,302,343,B1
esc_ia1136aa_as,292,300,B1
esc_ia1239aa_as,294,6668,B1
esc_ia2281aa_as,298,300,B1
esc_ia6424aa_as,306,343,B1
esc_ia6957aa_as,293,300,B1
esc_ia7105aa_as,302,343,B1
esc_ja4798aa_as,292,300,B1
esc_ja7585aa_as,294,300,B1
esc_ja7960aa_as,305,343,B1
esc_ka1473aa_as,298,300,B1
esc_ka5748aa_as,294,300,B1
esc_la1931aa_as,303,343,B1
esc_la4763aa_as,296,300,B1
esc_ra3272aa_as,293,300,B1
esc_ra3277aa_as,295,300,B1
esc_ra4687aa_as,297,4942,B1
39282_A02_contigs_pacbio,291,6,A
43116_E01_contigs_pacbio,288,6,A
46582_F01_contigs_pacbio,297,6,A
SRR7163918_trimmed,255,6~,A
SRR7172431_trimmed,284,6,A
SRR7184272_trimmed,291,6,A
SRR7186932_trimmed,283,6~,A
SRR7191701_trimmed,284,6,A
SRR7204216_trimmed,291,6,A
SRR7208998_trimmed,268,6~,A
SRR7244275_trimmed,286,8300,A
SRR7251043_trimmed,281,6,A
SRR7265856_trimmed,257,6~,A
SRR7285521_trimmed,286,6,A
SRR7286587_trimmed,288,6,A
SRR7367465_trimmed,286,6,A
SRR7401625_trimmed,277,6,A
SRR7401687_trimmed,289,6,A
SRR7417191_trimmed,287,6,A
SRR7527619_trimmed,265,6~,A
SRR7527649_trimmed,286,6,A
SRR7833086_trimmed,280,6,A
esc_fa8182aa_as,296,6,A
esc_fa8183aa_as,293,6,A
esc_fa8265aa_as,288,6,A
esc_ga8797aa_as,285,6,A
esc_ga8912aa_as,296,6,A
esc_ga8914aa_as,291,6,A
esc_ga8923aa_as,289,6,A
esc_ga9214aa_as,287,6,A
esc_ga9304aa_as,293,6,A
esc_ga9401aa_as,287,6,A
esc_ga9408aa_as,288,6,A
esc_ia1231aa_as,291,6,A
esc_ja3841aa_as,285,6,A
esc_ja4446aa_as,289,6,A
esc_ja4455aa_as,289,6,A
esc_ja4495aa_as,293,6,A
esc_ja4735aa_as,288,6,A
esc_ja4803aa_as,288,6,A
esc_ka3968aa_as,285,6,A
esc_la5724aa_as,283,6,A
NC_011748,319,678,B1
SRR7163945_trimmed,315,678,B1
SRR7204309_trimmed,319,678,B1
SRR7208465_trimmed,304,678~,B1
SRR7249755_trimmed,312,678,B1
SRR7251472_trimmed,309,678,B1
SRR7265848_trimmed,306,678,B1
SRR7266814_trimmed,313,678,B1
SRR7283764_trimmed,286,678~,B1
SRR7457845_trimmed,314,678~,B1
esc_ba2558aa_as,309,678~,B1
esc_ba6509aa_as,313,678~,B1
esc_ba8620aa_as,320,678,B1
esc_ba9247aa_as,321,678,B1
esc_ba9854aa_as,319,678,B1
esc_ca0919aa_as,319,678,B1
esc_ca2993aa_as,319,678,B1
esc_ca3082aa_as,319,678,B1
esc_ca3512aa_as,319,678,B1
esc_ca4050aa_as,312,678~,B1
esc_ca4058aa_as,312,678~,B1
esc_ca4444aa_as,321,678,B1
esc_ca4546aa_as,322,678,B1
esc_ca5004aa_as,319,678,B1
esc_ca5189aa_as,319,678,B1
esc_ca5299aa_as,320,678,B1
esc_ca5381aa_as,319,678,B1
esc_ca5860aa_as,323,678,B1
esc_fa5995aa_as,321,678,B1
esc_ga9078aa_as,322,678,B1
esc_ga9181aa_as,316,678,B1
esc_ga9213aa_as,317,678,B1
esc_ga9436aa_as,318,678,B1
esc_ha0692aa_as,320,678,B1
esc_ha1866aa_as,320,678,B1
esc_ha1938aa_as,320,678,B1
esc_ha1939aa_as,320,678,B1
esc_ha1940aa_as,321,678,B1
esc_ma8832aa_as,314,678,B1
esc_ma8840aa_as,320,678,B1
esc_ma8843aa_as,317,678,B1
esc_qa9937aa_as,318,678,B1
esc_ra1231aa_as,318,678,B1
esc_ra3279aa_as,318,678,B1
esc_ra3563aa_as,313,678,B1
11658_3#44,330,141,B2
11658_3#61,334,141,B2
11658_4#51,328,141,B2
11658_4#84,330,141,B2
11658_5#43,325,998,B2
11679_4#6,338,141,B2
11679_5#41,326,141,B2
11679_5#50,317,998,B2
11679_5#6,325,998,B2
11679_5#71,321,998,B2
11679_5#79,330,998,B2
11679_7#27,330,141,B2
11679_7#28,331,141,B2
11679_7#69,332,141,B2
11679_8#25,332,141,B2
11679_8#91,333,141,B2
11679_8#93,334,141,B2
11791_3#18,341,141,B2
11791_3#76,335,141,B2
11791_6#17,336,141,B2
11791_7#54,335,141,B2
38344_H01_contigs_pacbio,333,141,B2
APNX00000000,332,141,B2
JSIQ00000000,319,998~,B2
JSRD00000000,317,141,B2
JSRE00000000,317,141,B2
SRR7187794_trimmed,332,141,B2
SRR7191710_trimmed,217,141~,B2
SRR7223082_trimmed,326,8290,B2
SRR7265629_trimmed,320,8290,B2
SRR7265849_trimmed,312,998,B2
SRR7367367_trimmed,340,141,B2
esc_ba6506aa_as,331,141,B2
esc_ca1053aa_as,334,141,B2
esc_ca2578aa_as,317,141,B2
esc_ca3326aa_as,334,141,B2
esc_ca3355aa_as,335,141,B2
esc_ca3517aa_as,331,141,B2
esc_ca3741aa_as,331,141,B2
esc_ca4545aa_as,324,998,B2
esc_ca5611aa_as,337,141,B2
esc_ca5726aa_as,335,141,B2
esc_ca5767aa_as,334,141,B2
esc_ga8831aa_as,335,141,B2
esc_ga8878aa_as,335,998,B2
esc_ga9006aa_as,335,141,B2
esc_ha5976aa_as,326,998,B2
esc_ia2253aa_as,324,998,B2
esc_oa1449aa_as,337,141,B2
7748_7#13,304,517,B1
7748_7#30,306,517,B1
7748_7#35,306,517,B1
7748_7#4,298,517,B1
7748_7#40,306,517,B1
7748_7#5,301,517,B1
7790_1#59,298,517,B1
7790_1#68,309,517,B1
7790_1#70,306,5241,B1
7790_1#74,300,5485,B1
7790_1#81,299,517,B1
7790_1#92,299,517,B1
7790_1#95,309,517,B1
8205_3#3,305,517,B1
8205_3#38,307,5241,B1
8205_3#4,306,517,B1
8205_3#5,306,517,B1
8205_3#50,307,5241,B1
8205_3#6,306,517,B1
8205_3#61,310,517,B1
8205_3#66,306,5241,B1
8205_3#68,306,517,B1
8205_3#75,307,5241,B1
8205_3#77,299,517,B1
AIBI00000000,298,517,B1
AIBN00000000,299,517,B1
JHSR00000000,284,517,B1
SRR5031203_trimmed,292,517,B1
SRR7191681_trimmed,287,517,B1
SRR7221115_trimmed,280,517,B1
SRR7265842_trimmed,303,517,B1
SRR7266821_trimmed,284,517~,B1
SRR7282612_trimmed,286,517~,B1
SRR7358117_trimmed,298,517,B1
SRR7367557_trimmed,270,517,B1
SRR7457805_trimmed,276,517~,B1
esc_ga9007aa_as,305,517,B1
esc_ga9178aa_as,306,517,B1
esc_ga9204aa_as,301,517,B1
esc_ga9389aa_as,306,517,B1
esc_ja3842aa_as,301,517,B1
esc_ka1398aa_as,300,517,B1
esc_ra4928aa_as,303,517,B1
esc_ra4970aa_as,294,517,B1
7790_1#60,304,583,B2
AIAY00000000,293,583,B2
SRR5029813_trimmed,297,583,B2
SRR5030823_trimmed,302,583,B2
esc_aa9695aa_as,300,583,B2
esc_ga8920aa_as,301,583,B2
esc_ga8984aa_as,301,583,B2
esc_ga9124aa_as,300,583,B2
esc_ga9162aa_as,296,122,B2
esc_ga9176aa_as,297,122,B2
esc_ia1252aa_as,307,583,B2
esc_ia6434aa_as,296,583,B2
esc_ka6865aa_as,302,583,B2
esc_pa9507aa_as,307,583,B2
esc_pa9508aa_as,302,583,B2
esc_pa9509aa_as,308,583,B2
esc_pa9510aa_as,302,583,B2
esc_pa9513aa_as,300,583,B2
esc_pa9515aa_as,307,583,B2
esc_pa9517aa_as,307,583,B2
esc_pa9518aa_as,282,583,B2
esc_pa9519aa_as,307,583,B2
esc_pa9521aa_as,298,583,B2
esc_pa9522aa_as,300,7703,B2
esc_pa9523aa_as,302,583,B2
esc_pa9524aa_as,302,583,B2
esc_qa2864aa_as,302,583,B2
SRR5029672_trimmed,304,10,A
SRR5029820_trimmed,294,10~,A
SRR5029831_trimmed,286,10,A
SRR5029840_trimmed,294,10,A
SRR7163942_trimmed,303,10,A
SRR7167522_trimmed,298,10,A
SRR7179870_trimmed,288,10,A
SRR7186905_trimmed,296,10,A
SRR7187854_trimmed,285,10,A
SRR7191705_trimmed,296,10,A
SRR7221219_trimmed,271,10,A
SRR7230300_trimmed,296,10,A
SRR7251466_trimmed,296,10,A
SRR7257152_trimmed,293,10,A
SRR7265863_trimmed,293,10~,A
SRR7276918_trimmed,261,10~,A
SRR7276950_trimmed,287,10~,A
SRR7282618_trimmed,268,10~,A
SRR7282652_trimmed,305,10,A
SRR7285431_trimmed,285,10,A
SRR7285485_trimmed,246,10,A
SRR7286169_trimmed,261,10,A
SRR7286359_trimmed,294,10,A
SRR7286383_trimmed,302,10,A
SRR7286447_trimmed,272,10,A
SRR7358113_trimmed,271,10,A
SRR7367428_trimmed,284,10,A
SRR7367556_trimmed,234,10~,A
SRR7401663_trimmed,297,10,A
SRR7457848_trimmed,298,10,A
SRR7826926_trimmed,296,10,A
SRR7834593_trimmed,300,10,A
esc_ba7913aa_as,302,10,A
esc_ca5232aa_as,308,10,A
esc_ga8869aa_as,304,10,A
esc_ga8990aa_as,306,10,A
esc_ga9200aa_as,307,10,A
esc_ga9302aa_as,307,10,A
esc_ha3288aa_as,304,10,A
esc_ja3947aa_as,306,10,A
esc_ja4589aa_as,304,10,A
esc_ja5406aa_as,305,10,A
11657_6#10,341,144,B2
11657_6#29,347,144,B2
11657_6#92,337,144,B2
11657_7#43,338,144,B2
11658_3#19,334,5346,B2
11658_3#92,334,144,B2
11658_4#75,337,144,B2
11658_4#83,344,144,B2
11658_5#25,337,144,B2
11658_5#34,337,144,B2
11658_5#59,341,144,B2
11658_6#84,341,144,B2
11679_4#67,338,144,B2
11679_4#93,338,144,B2
11679_5#1,344,144,B2
11679_7#13,338,144,B2
11679_7#17,342,144,B2
11679_8#32,343,144,B2
11791_7#51,334,144,B2
12045_3#62,332,144,B2
JSMD00000000,329,144,B2
SRR7184343_trimmed,283,144,B2
SRR7187751_trimmed,305,144,B2
SRR7274840_trimmed,330,144,B2
esc_ba7078aa_as,338,703,B2
esc_ba9223aa_as,331,144,B2
esc_ca2077aa_as,334,144,B2
esc_ca5431aa_as,340,144,B2
esc_ca5604aa_as,333,144,B2
esc_ca6235aa_as,333,144,B2
esc_ga8805aa_as,345,144,B2
esc_ga8848aa_as,339,144,B2
esc_ga9434aa_as,332,144,B2
esc_ha7800aa_as,342,144,B2
esc_ha8223aa_as,332,144,B2
esc_ia1450aa_as,343,144,B2
esc_ia2217aa_as,344,144,B2
esc_ia2219aa_as,340,144,B2
esc_ia2249aa_as,340,144,B2
esc_ja7685aa_as,332,144,B2
8939_4#42,218,245,Shigella
8939_4#46,231,245,Shigella
8939_4#50,233,1024,Shigella
8939_4#66,221,245,Shigella
8939_4#82,230,1024,Shigella
8939_4#90,236,245,Shigella
9471_7#44,231,245,Shigella
9471_7#74,235,245,Shigella
9471_7#79,224,5233,Shigella
9471_7#87,231,245,Shigella
9471_7#93,236,245,Shigella
9471_7#95,234,245,Shigella
9803_5#11,232,245,Shigella
9803_5#14,238,245,Shigella
9803_5#18,236,631,Shigella
9803_5#19,235,245,Shigella
9803_5#2,222,245,Shigella
9803_5#25,228,1024,Shigella
9803_5#32,238,245,Shigella
9803_5#33,238,245,Shigella
9803_5#35,232,245,Shigella
9803_5#38,218,1024,Shigella
9803_5#39,238,245,Shigella
9803_5#40,224,245,Shigella
9803_5#45,218,245,Shigella
9803_5#46,218,245,Shigella
9803_5#5,233,245,Shigella
9803_5#53,227,245,Shigella
9803_5#54,235,245,Shigella
9803_5#56,237,245,Shigella
9803_5#59,211,245,Shigella
9803_5#60,235,245,Shigella
9803_5#65,227,245,Shigella
9803_5#7,233,245,Shigella
9803_5#72,238,631,Shigella
9803_5#75,231,1024,Shigella
9803_5#78,231,245,Shigella
9803_5#79,231,1024,Shigella
9803_5#83,233,1024,Shigella
NC_004337,238,245,Shigella
esc_ga9425aa_as,231,1753,Shigella
11658_4#17,331,62,F
11658_4#73,320,62,F
11658_4#94,320,62,F
11658_5#8,316,62,F
11658_8#70,318,62,F
11658_8#80,316,62,F
11679_4#78,325,62,F
11679_5#63,318,62,F
11679_5#74,317,62,F
11679_6#89,320,62,F
11679_8#34,321,1810,F
11679_8#56,323,62,F
11791_3#22,322,62,F
11791_3#23,317,62,F
11791_3#39,308,62,F
11791_3#41,315,62,F
38389_B01_contigs_pacbio,319,62,F
45076_C01_contigs_pacbio,319,62,F
JSIK00000000,313,62,F
JSRU00000000,322,62,F
JSRV00000000,325,62,F
JSRW00000000,325,62,F
NC_011750,300,62,F
NC_017646,320,62,F
SRR7407927_trimmed,311,62,F
esc_ca1813aa_as,321,62,F
esc_ca3307aa_as,318,62,F
esc_ga9238aa_as,319,62,F
esc_ha7435aa_as,318,62,F
esc_ha7436aa_as,318,62,F
esc_ha7437aa_as,318,62,F
esc_ha7438aa_as,323,62,F
esc_ia2236aa_as,321,62,F
esc_ia2243aa_as,318,62,F
esc_ia2258aa_as,321,62,F
esc_ra4946aa_as,315,62,F
7521_4#69,301,200,B1
SRR7230298_trimmed,299,200,B1
SRR7250979_trimmed,302,200,B1
SRR7291594_trimmed,304,200,B1
SRR7367225_trimmed,294,200,B1
SRR7367551_trimmed,297,200,B1
SRR7456565_trimmed,300,200,B1
SRR7505775_trimmed,287,200,B1
esc_ba4383aa_as,299,200,B1
esc_ca5184aa_as,301,200,B1
esc_ga8842aa_as,300,200,B1
esc_ga9380aa_as,309,200,B1
esc_ga9413aa_as,307,200,B1
esc_ja3888aa_as,303,200,B1
esc_ja4526aa_as,296,200,B1
esc_ja4759aa_as,303,200,B1
esc_ja7523aa_as,316,200,B1
esc_ja9349aa_as,306,200,B1
esc_ma8850aa_as,302,200,B1
esc_ma8857aa_as,307,200,B1
esc_ma8868aa_as,307,200,B1
esc_ma8872aa_as,307,200,B1
esc_ma8891aa_as,304,200,B1
esc_ma8941aa_as,298,200,B1
esc_ra2559aa_as,307,200,B1
esc_ra4204aa_as,307,200,B1
11657_5#38,308,59,F
11657_6#33,305,59,F
11657_6#75,302,415,F
11657_6#93,306,59,F
11657_7#13,296,59,F
11658_4#14,302,59,F
11658_4#86,308,59,F
11658_6#12,310,59,F
11658_6#48,306,59,F
11658_7#75,308,59,F
11658_8#74,311,59,F
11679_4#33,292,59,F
11679_5#69,303,415~,F
11679_5#85,293,59,F
11679_6#91,308,59,F
11791_6#16,307,59,F
36603_C01_contigs_pacbio,305,59,F
SRR7184241_trimmed,304,59,F
SRR7208797_trimmed,294,59,F
SRR7265970_trimmed,299,59,F
SRR7285629_trimmed,297,59,F
SRR7290998_trimmed,291,59,F
SRR7367358_trimmed,297,59,F
esc_ba6489aa_as,306,59,F
esc_ca1951aa_as,307,59,F
esc_ca2148aa_as,307,59,F
esc_ca3599aa_as,312,59,F
esc_ca4015aa_as,305,59,F
esc_ca5185aa_as,311,59,F
esc_ca5462aa_as,312,59,F
esc_ga8497aa_as,305,59,F
esc_ga8863aa_as,305,59,F
esc_ha7432aa_as,305,59,F
esc_ha7433aa_as,303,59,F
esc_ha7782aa_as,297,59,F
40105_G01_contigs_pacbio,295,328,B1
7521_4#83,303,328,B1
7553_7#69,303,328,B1
7553_7#70,305,328,B1
7554_4#15,304,328,B1
7554_4#16,304,328,B1
7748_7#31,307,5618,B1
7748_7#37,300,328,B1
7748_7#47,303,328,B1
7790_1#52,305,328,B1
7790_1#96,302,328,B1
8205_3#12,304,328,B1
8205_3#30,301,328,B1
8205_3#33,303,328,B1
8205_3#46,311,328,B1
8205_3#47,304,328,B1
8205_3#51,297,328,B1
8205_3#58,300,328,B1
8205_3#74,295,328,B1
8205_3#76,307,328,B1
AIBD00000000,290,328,B1
JHQW00000000,291,328,B1
JHRA00000000,295,328,B1
JHRI00000000,294,328~,B1
JHRK00000000,301,328~,B1
JHRN00000000,295,328~,B1
JHRQ00000000,291,328~,B1
JHSE00000000,292,328~,B1
JHSI00000000,296,328~,B1
JHTD00000000,304,328,B1
JHTK00000000,303,328,B1
SRR5031238_trimmed,295,328,B1
SRR7221204_trimmed,296,328,B1
esc_ka6852aa_as,302,328,B1
SRR7186896_trimmed,226,34~,A
SRR7215523_trimmed,296,34,A
SRR7236613_trimmed,294,34,A
SRR7251444_trimmed,280,34,A
SRR7283807_trimmed,296,34,A
esc_ca5440aa_as,299,34,A
esc_ga9251aa_as,299,34,A
esc_ga9276aa_as,284,34,A
esc_ga9367aa_as,277,34,A
esc_ia1481aa_as,277,34,A
esc_ia1485aa_as,282,34,A
esc_ja4047aa_as,284,34,A
esc_ja4839aa_as,283,34,A
esc_ja5048aa_as,296,34,A
esc_ja7786aa_as,284,34,A
esc_ja9336aa_as,296,34,A
esc_ma8855aa_as,281,34,A
esc_ma8856aa_as,296,34,A
esc_ma8876aa_as,278,34,A
esc_ma8942aa_as,281,34,A
esc_ra2550aa_as,299,34,A
esc_ra3565aa_as,278,8053,A
SRR7172057_trimmed,241,675~,B1
SRR7179832_trimmed,301,675,B1
SRR7184247_trimmed,276,675,B1
SRR7221092_trimmed,308,675~,B1
SRR7244296_trimmed,294,675~,B1
SRR7251431_trimmed,294,675,B1
SRR7277731_trimmed,300,675,B1
SRR7283740_trimmed,304,675,B1
SRR7285440_trimmed,272,675,B1
SRR7291012_trimmed,312,675,B1
SRR7367409_trimmed,247,180~,B1
SRR7407921_trimmed,304,7953,B1
SRR7417189_trimmed,302,675,B1
SRR7833071_trimmed,298,675,B1
esc_ca1174aa_as,308,675,B1
esc_ga9003aa_as,306,675,B1
esc_ga9113aa_as,304,675,B1
esc_ia1447aa_as,303,675,B1
esc_ia1631aa_as,309,675,B1
esc_ja3767aa_as,306,675,B1
esc_ja4127aa_as,312,675,B1
esc_ja4387aa_as,310,675,B1
esc_ja7632aa_as,308,675,B1
esc_ka1148aa_as,309,675,B1
11657_5#66,346,405,D
11657_6#40,331,405,D
11657_7#27,343,405,D
11658_4#67,311,964,D
11658_6#24,331,405,D
11679_4#20,327,405,D
11679_4#61,326,405,D
11679_6#83,345,405,D
11679_7#14,329,405,D
11679_7#77,323,405,D
11791_6#14,343,405,D
59235_G01_contigs_hgap_4_0,327,405,D
7114_1#25,329,405,D
JSPE00000000,324,405,D
JSPF00000000,323,405,D
JSPI00000000,324,405,D
JSQN00000000,324,405,D
JSQO00000000,325,405,D
JSRM00000000,323,405,D
SRR7270947_trimmed,319,405,D
esc_ca3740aa_as,330,405,D
esc_ca3918aa_as,320,405,D
esc_ca5128aa_as,327,405,D
esc_fa7044aa_as,325,405,D
esc_ha8265aa_as,326,405,D
esc_ja3937aa_as,330,405,D
esc_oa0093aa_as,325,405,D
36725_B01_contigs_pacbio,308,59,F
52363_G02_contigs_pacbio,308,59,F
8476_1#2,296,59,F
8939_4#2,299,59,F
9517_1#4,307,59,F
9776_2#10,306,59,F
9776_2#11,266,59,F
9776_2#44,311,59,F
9776_2#50,306,59,F
9776_2#9,309,59,F
9803_5#4,302,59,F
9803_5#66,309,59,F
9803_5#73,309,59,F
SRR7265950_trimmed,302,59,F
SRR7291003_trimmed,258,59,F
SRR7500897_trimmed,247,59~,F
SRR7500918_trimmed,287,59,F
SRR7500934_trimmed,300,59,F
SRR7500991_trimmed,300,59,F
SRR7501005_trimmed,268,59,F
SRR7501163_trimmed,297,59,F
esc_ga9435aa_as,310,59,F
esc_ha0205aa_as,312,2618,F
esc_ja3845aa_as,310,59,F
esc_ja4779aa_as,309,59,F
esc_ja7687aa_as,310,59,F
esc_na8796aa_as,307,59,F
SRR7588732_trimmed,298,655,B1
SRR7826935_trimmed,297,655,B1
esc_aa8510aa_as,301,655,B1
esc_ba1355aa_as,301,655,B1
esc_ba2547aa_as,302,655,B1
esc_ba8890aa_as,301,655,B1
esc_ca1391aa_as,303,655,B1
esc_ca1421aa_as,303,655,B1
esc_ca4582aa_as,307,655,B1
esc_ca5569aa_as,302,655,B1
esc_ca5990aa_as,301,655,B1
esc_ca6322aa_as,303,655,B1
esc_fa8284aa_as,301,655,B1
esc_fa8437aa_as,303,655,B1
esc_fa8443aa_as,302,655,B1
esc_ga0427aa_as,303,655,B1
esc_ga0428aa_as,304,655,B1
esc_ga8832aa_as,301,655,B1
esc_ha0203aa_as,303,655,B1
esc_ha3946aa_as,301,655,B1
esc_ia7102aa_as,302,655,B1
esc_ka7579aa_as,304,655,B1
esc_la5810aa_as,302,655,B1
esc_na8651aa_as,306,655,B1
esc_na8807aa_as,303,655,B1
esc_qa9842aa_as,301,655,B1
esc_ra0317aa_as,301,655,B1
esc_ra2314aa_as,302,655,B1
esc_ra2322aa_as,303,655,B1
11658_7#59,301,2230,C
11658_7#66,289,5491,C
11679_5#36,288,410,C
11679_5#61,296,23,C
11679_5#68,289,5491,C
11679_6#80,298,410,C
11679_8#26,304,369,C
11679_8#33,303,2230,C
11679_8#63,300,23,C
11791_3#28,304,369,C
11791_3#6,300,410,C
11791_3#87,289,410,C
6753_7#9,289,5286,C
6753_8#6,297,410,C
7521_1#11,300,410,C
7521_1#22,295,23,C
7554_4#13,294,23,C
SRR7180031_trimmed,299,23,C
SRR7215924_trimmed,243,23,C
SRR7277734_trimmed,270,23,C
SRR7285542_trimmed,270,23~,C
SRR7286470_trimmed,290,23,C
esc_ha7998aa_as,294,23,C
esc_ha8233aa_as,289,410,C
esc_ia2229aa_as,297,23,C
esc_ia2244aa_as,297,410,C
esc_ia2247aa_as,299,410,C
esc_ja4011aa_as,296,23,C
11657_5#25,346,80,B2
11657_7#82,348,80,B2
11658_3#51,344,80,B2
11658_5#35,336,80,B2
11658_5#70,350,5609,B2
11658_6#18,338,80,B2
11658_6#37,347,5351,B2
11658_6#6,347,80,B2
11658_6#66,349,80,B2
11658_7#69,352,5384,B2
11679_4#68,347,80,B2
11679_4#74,351,80,B2
11679_5#72,340,80,B2
11679_7#66,350,80,B2
11679_8#77,346,80,B2
11791_3#27,348,80,B2
11791_3#33,351,80,B2
11791_3#56,346,80,B2
JSMX00000000,340,80,B2
esc_ca3826aa_as,343,80,B2
esc_ca5066aa_as,343,80,B2
esc_ca5572aa_as,341,80,B2
esc_ca6343aa_as,340,80,B2
esc_ha8660aa_as,340,80,B2
esc_ja3902aa_as,343,80,B2
esc_ja4698aa_as,342,80,B2
11791_7#37,299,297,B1
38389_A01_contigs_pacbio,305,297,B1
esc_ga8676aa_as,305,297,B1
esc_ga9102aa_as,307,297~,B1
esc_ha0202aa_as,305,297,B1
esc_pa2312aa_as,307,297,B1
esc_pa2318aa_as,307,297,B1
esc_ra3463aa_as,307,297,B1
esc_ra3466aa_as,307,297,B1
esc_ra3509aa_as,307,297,B1
esc_ra3540aa_as,307,297,B1
esc_ra3551aa_as,307,297,B1
esc_ra3554aa_as,307,297,B1
esc_ra3555aa_as,307,297,B1
esc_ra3560aa_as,307,297,B1
esc_ra3561aa_as,307,297,B1
esc_ra3992aa_as,307,297,B1
esc_ra3993aa_as,307,297,B1
esc_ra3994aa_as,307,297,B1
esc_ra4002aa_as,307,297,B1
esc_ra4005aa_as,307,297,B1
esc_ra4007aa_as,307,297,B1
esc_ra4009aa_as,307,297,B1
esc_ra4010aa_as,307,297,B1
esc_ra4011aa_as,307,297,B1
esc_ra4013aa_as,307,297,B1
esc_ra4014aa_as,307,297,B1
11657_5#60,325,648,F
11658_3#13,323,648,F
11658_7#53,328,648,F
11679_4#1,324,648,F
11679_4#34,320,648,F
11679_7#53,315,648,F
11679_8#92,324,648,F
11791_7#6,323,648,F
SRR7230327_trimmed,321,648,F
esc_ba1008aa_as,322,648,F
esc_ba6772aa_as,325,648,F
esc_ba7113aa_as,322,648,F
esc_ba8609aa_as,322,648,F
esc_ba8681aa_as,322,648,F
esc_ba9890aa_as,322,648,F
esc_ca1291aa_as,322,648,F
esc_ca1878aa_as,322,648,F
esc_ca2174aa_as,322,648,F
esc_ca2403aa_as,321,648,F
esc_ca3243aa_as,322,648,F
esc_ca5254aa_as,325,648,F
esc_ca5958aa_as,322,648,F
esc_ga6949aa_as,326,648,F
esc_ga9312aa_as,322,648,F
esc_oa0199aa_as,328,648,F
9803_5#10,254,152,Shigella
9803_5#17,255,152,Shigella
9803_5#20,256,152,Shigella
9803_5#21,258,152,Shigella
9803_5#23,258,152,Shigella
9803_5#24,257,152,Shigella
9803_5#26,249,152,Shigella
9803_5#27,235,152,Shigella
9803_5#30,255,152,Shigella
9803_5#34,255,152,Shigella
9803_5#37,253,152,Shigella
9803_5#48,253,152,Shigella
9803_5#51,257,152,Shigella
9803_5#52,257,152,Shigella
9803_5#55,257,152,Shigella
9803_5#6,256,152,Shigella
9803_5#61,257,152,Shigella
9803_5#68,249,1502,Shigella
9803_5#69,255,152,Shigella
9803_5#74,257,152,Shigella
9803_5#76,253,152,Shigella
9803_5#82,233,152,Shigella
SRR3531733_trimmed,248,152,Shigella
SRR4787805_trimmed,245,152,Shigella
SRR5006334_trimmed,251,152,Shigella
SRR5023924_trimmed,249,152,Shigella
11657_5#43,335,405,D
11657_5#76,333,402~,D
11657_6#62,332,405,D
11657_7#81,336,405,D
11658_4#63,336,405,D
11658_7#10,332,405,D
11658_8#32,333,405,D
11658_8#51,332,405,D
11679_5#43,334,405,D
11679_6#35,336,405,D
11791_3#70,333,405,D
9471_7#48,333,405,D
9471_7#49,334,405,D
9471_7#50,334,405,D
SRR7215281_trimmed,329,405,D
SRR7500910_trimmed,319,405,D
SRR7500926_trimmed,328,405,D
SRR7500970_trimmed,285,38~,D
esc_ba6391aa_as,325,5377,D
esc_ca1784aa_as,336,405,D
esc_ha2622aa_as,334,405,D
esc_ha8654aa_as,330,405,D
esc_ia2232aa_as,321,405,D
esc_ia6435aa_as,335,405,D
esc_ia6437aa_as,336,405,D
esc_ia7160aa_as,336,405,D
11657_5#57,306,357,B2
11657_5#63,308,357,B2
11657_5#81,306,357,B2
11657_6#15,307,357,B2
11657_6#9,305,357,B2
11657_7#24,305,357,B2
11658_3#10,310,357,B2
11658_4#89,311,357,B2
11658_5#37,307,357,B2
11658_5#58,306,357,B2
11679_5#45,307,357,B2
11679_6#13,311,357,B2
11679_6#87,306,357,B2
11679_7#10,298,357,B2
11679_7#31,303,357,B2
11679_8#53,308,357,B2
11791_3#10,324,357,B2
11791_7#10,305,357,B2
SRR7204308_trimmed,301,357,B2
SRR7286262_trimmed,296,357,B2
SRR7826961_trimmed,300,357,B2
esc_ca5177aa_as,304,357,B2
esc_ga8883aa_as,310,357,B2
38891_A01_contigs_pacbio,312,3,B1
39304_E01_contigs_pacbio,307,3,B1
41208_F01_contigs_pacbio,303,3,B1
41236_F02_contigs_pacbio,303,3,B1
7553_7#61,306,5326,B1
7553_7#72,310,3,B1
7748_7#38,310,3,B1
7748_7#46,311,3,B1
7790_1#64,311,3,B1
7790_1#65,311,3,B1
7790_1#66,311,3,B1
ADUO00000000,291,3,B1
AIHD00000000,298,3,B1
AIHE00000000,297,3,B1
JHRE00000000,293,3,B1
JHRP00000000,309,3,B1
JHRY00000000,294,3,B1
JHSN00000000,311,3~,B1
JHSP00000000,303,3,B1
esc_ha0143aa_as,299,3,B1
esc_la5725aa_as,301,3,B1
esc_pa0777aa_as,299,501,D
esc_pa0778aa_as,299,501,D
esc_pa0781aa_as,299,501,D
esc_pa0783aa_as,299,501,D
esc_pa0784aa_as,299,501,D
esc_pa0785aa_as,299,501,D
esc_pa0786aa_as,299,501,D
esc_pa0787aa_as,299,501,D
esc_pa0789aa_as,298,501,D
esc_pa0790aa_as,299,501,D
esc_pa2001aa_as,299,501,D
esc_pa2002aa_as,299,501,D
esc_pa2010aa_as,299,501,D
esc_pa2013aa_as,299,501,D
esc_pa2014aa_as,299,501,D
esc_pa2016aa_as,299,501,D
esc_pa2019aa_as,299,501,D
esc_pa2021aa_as,299,501,D
esc_pa2023aa_as,299,501,D
esc_pa2315aa_as,299,501,D
esc_ra2551aa_as,326,501,D
esc_ra2561aa_as,331,501,D
